City,district,PM2.5,PM10,NO2,NH3,SO2,CO,OZONE,AQI,TEMP,PRES,DEWP,RAIN,wd,WSPM,Predominan _Parameter
TPHCM,Q1,68.0,64.0,17.0,4.0,28.0,31.0,40.0,68,30.0,1009.0,22.0,0.0,130.0,13.0,PM2.5
TPHCM,Q3,67.0,70.0,23.0,2.0,13.0,49.0,77.0,77,29.0,1009.0,23.1,0.0,149.0,12.8,OZONE
TPHCM,Tân Bình,93.0,93.0,31.0,3.0,9.0,57.0,61.0,93,29.0,1008.0,23.0,0.0,130.0,16.6,PM10
TPHCM,Tân Phú,60.0,55.0,20.0,5.0,18.0,29.0,53.0,60,28.9,1008.1,23.2,0.0,140.0,16.4,PM2.5
TPHCM,Q1,48.0,52.0,25.0,3.0,12.0,43.0,67.0,67,29.0,1009.0,23.0,0.0,130.0,14.8,OZONE
TPHCM,Q3,36.0,41.0,31.0,5.0,5.0,33.0,14.0,41,29.0,1009.0,24.0,0.0,120.0,14.8,PM10
TPHCM,Q7,27.0,43.0,23.0,3.0,11.0,44.0,61.0,61,29.0,1011.0,23.2,0.0,120.0,10.1,OZONE
TPHCM,Tân Bình,54.0,54.0,15.0,5.0,21.0,30.0,51.0,54,29.0,1011.0,23.0,0.0,80.0,14.8,PM10
TPHCM,Tân Phú,48.0,53.0,24.0,3.0,13.0,39.0,69.0,69,31.0,1011.0,22.0,0.0,80.0,9.4,OZONE
TPHCM,Q1,24.0,35.0,29.0,5.0,6.0,16.0,16.0,35,31.9,1011.1,22.2,0.0,108.0,16.0,PM10
TPHCM,Q3,53.0,63.0,24.0,3.0,12.0,48.0,59.0,63,33.0,1011.0,23.0,0.0,100.0,14.8,PM10
TPHCM,Q7,59.0,57.0,15.0,5.0,20.0,30.0,63.0,63,34.0,1010.0,23.0,0.0,100.0,13.0,OZONE
TPHCM,Tân Bình,55.0,58.0,24.0,3.0,14.0,43.0,82.0,82,34.0,1008.1,22.1,0.0,51.0,11.1,OZONE
TPHCM,Tân Phú,22.0,34.0,26.0,4.0,6.0,17.0,15.0,34,35.0,1007.0,22.0,3.5,90.0,11.2,PM10
TPHCM,Q1,65.0,72.0,25.0,3.0,12.0,50.0,70.0,72,35.0,1006.0,23.0,0.7,20.0,13.0,PM10
TPHCM,Q3,66.0,61.0,15.0,5.0,23.0,36.0,57.0,66,33.9,1006.1,23.1,0.0,176.0,11.1,PM2.5
TPHCM,Q7,74.0,70.0,22.0,3.0,13.0,48.0,82.0,82,33.0,1006.0,24.0,0.2,190.0,14.8,OZONE
TPHCM,Tân Bình,20.0,30.0,23.0,4.0,5.0,16.0,14.0,30,32.0,1007.0,24.0,0.6,170.0,13.0,PM10
TPHCM,Tân Phú,83.0,86.0,27.0,3.0,12.0,55.0,77.0,86,31.8,1008.0,24.9,0.0,167.0,14.4,PM10
TPHCM,Q1,69.0,63.0,15.0,5.0,24.0,37.0,54.0,69,31.0,1009.0,24.0,0.4,120.0,14.8,PM2.5
TPHCM,Q3,78.0,72.0,22.0,3.0,14.0,48.0,80.0,80,30.0,1010.0,24.0,0.2,140.0,13.0,OZONE
TPHCM,Q7,19.0,30.0,22.0,4.0,5.0,16.0,14.0,30,29.9,1010.1,24.0,0.0,122.0,14.4,PM10
TPHCM,Tân Bình,85.0,88.0,28.0,3.0,12.0,55.0,76.0,88,29.0,1011.0,24.0,0.1,110.0,18.4,PM10
TPHCM,Tân Phú,131.0,94.0,15.0,5.0,26.0,34.0,60.0,131,29.0,1010.0,25.0,0.1,120.0,16.6,PM2.5
TPHCM,Q1,109.0,90.0,21.0,3.0,17.0,42.0,86.0,109,28.9,1009.1,24.0,0.0,119.0,12.4,PM2.5
TPHCM,Q3,23.0,33.0,25.0,4.0,5.0,25.0,19.0,33,29.0,1008.0,23.0,0.5,130.0,11.2,PM10
TPHCM,Q7,99.0,102.0,32.0,3.0,13.0,50.0,68.0,102,29.0,1008.0,23.0,0.4,110.0,16.6,PM10
TPHCM,Tân Bình,132.0,95.0,15.0,5.0,26.0,33.0,63.0,132,28.9,1008.1,23.1,0.0,130.0,8.5,PM2.5
TPHCM,Tân Phú,110.0,90.0,21.0,3.0,17.0,44.0,89.0,110,29.0,1009.0,23.0,0.0,130.0,11.2,PM2.5
TPHCM,Q1,23.0,34.0,25.0,4.0,6.0,27.0,20.0,34,29.0,1008.0,23.0,0.0,120.0,11.2,PM10
TPHCM,Q3,99.0,102.0,32.0,3.0,13.0,50.0,70.0,102,30.0,1009.1,23.3,0.0,115.0,12.4,PM10
TPHCM,Q7,142.0,98.0,13.0,3.0,15.0,33.0,18.0,142,31.0,1010.0,24.0,0.0,100.0,18.4,PM2.5
TPHCM,Tân Bình,225.0,157.0,11.0,4.0,16.0,36.0,18.0,225,33.0,1010.0,22.0,0.1,90.0,18.4,PM2.5
TPHCM,Tân Phú,141.0,104.0,11.0,4.0,15.0,27.0,19.0,141,33.0,1010.0,22.1,0.0,99.0,17.7,PM2.5
TPHCM,Q1,144.0,106.0,12.0,4.0,15.0,26.0,20.0,144,34.0,1009.0,23.0,0.1,100.0,13.0,PM2.5
TPHCM,Q3,168.0,132.0,13.0,4.0,15.0,50.0,20.0,168,35.0,1008.0,22.0,1.4,90.0,13.0,PM2.5
TPHCM,Q7,177.0,147.0,13.0,4.0,15.0,60.0,19.0,177,34.9,1007.1,23.9,0.0,158.0,18.0,PM2.5
TPHCM,Tân Bình,224.0,207.0,16.0,4.0,16.0,46.0,19.0,224,33.0,1007.0,24.0,0.0,130.0,20.5,PM2.5
TPHCM,Tân Phú,224.0,206.0,16.0,4.0,16.0,39.0,21.0,224,34.0,1006.0,24.0,0.2,160.0,20.5,PM2.5
TPHCM,Tân Bình,276.0,171.0,51.0,11.0,8.0,90.0,9.0,276,30.0,1007.1,24.1,0.0,149.0,14.4,PM2.5
TPHCM,Tân Phú,245.0,170.0,79.0,10.0,10.0,57.0,5.0,245,29.0,1008.0,25.0,0.0,110.0,14.8,PM2.5
TPHCM,Tân Phú,110.0,115.0,36.0,9.0,7.0,119.0,11.0,119,29.0,1009.0,25.0,0.0,150.0,14.8,CO
TPHCM,Q1,114.0,107.0,62.0,7.0,10.0,42.0,4.0,114,28.0,1009.0,25.0,0.0,144.0,10.8,PM2.5
TPHCM,Q1,107.0,112.0,33.0,13.0,7.0,109.0,17.0,112,28.0,1009.0,25.0,0.0,110.0,9.4,PM10
TPHCM,Q3,110.0,115.0,76.0,7.0,9.0,50.0,3.0,115,28.9,1010.0,25.1,0.0,117.0,14.4,PM10
TPHCM,Q3,121.0,116.0,35.0,13.0,7.0,105.0,21.0,121,33.0,1008.0,24.0,0.0,140.0,13.0,PM2.5
TPHCM,Q7,125.0,123.0,82.0,7.0,9.0,65.0,3.0,125,33.9,1007.1,24.1,0.0,180.0,11.1,PM2.5
TPHCM,Q7,156.0,129.0,38.0,13.0,7.0,115.0,15.0,156,28.0,1008.0,23.0,0.0,10.0,13.0,PM2.5
TPHCM,Tân Bình,172.0,150.0,89.0,7.0,10.0,97.0,4.0,172,27.2,1009.0,24.0,0.3,35.0,17.0,PM2.5
TPHCM,Tân Bình,164.0,132.0,39.0,14.0,7.0,118.0,12.0,164,27.0,1008.0,24.0,0.0,70.0,11.2,PM2.5
TPHCM,Tân Phú,181.0,156.0,89.0,7.0,10.0,99.0,4.0,181,26.0,1008.0,24.1,0.0,65.0,8.8,PM2.5
TPHCM,Tân Phú,246.0,164.0,44.0,14.0,7.0,122.0,8.0,246,26.0,1007.0,25.0,0.0,20.0,3.6,PM2.5
TPHCM,Q1,284.0,195.0,96.0,8.0,10.0,79.0,3.0,284,27.9,1008.0,25.0,0.0,23.0,7.5,PM2.5
TPHCM,Q1,253.0,167.0,45.0,14.0,7.0,115.0,10.0,253,33.0,1008.0,23.0,0.1,140.0,11.2,PM2.5
TPHCM,Q3,290.0,198.0,97.0,8.0,10.0,81.0,4.0,290,34.8,1007.0,23.1,0.0,140.0,9.8,PM2.5
TPHCM,Tân Bình,85.0,91.0,14.0,11.0,14.0,37.0,10.0,91,35.0,1005.0,22.0,0.2,140.0,20.5,PM10
TPHCM,Tân Phú,103.0,105.0,17.0,9.0,11.0,25.0,14.0,105,32.9,1005.1,23.0,0.0,153.0,16.4,PM10
TPHCM,Q1,68.0,82.0,17.0,9.0,11.0,25.0,7.0,82,32.0,1006.0,23.0,0.5,240.0,9.4,PM10
TPHCM,Q3,68.0,78.0,17.0,9.0,12.0,26.0,8.0,78,30.0,1006.0,24.0,0.0,158.5,3.6,PM10
TPHCM,Q7,63.0,65.0,15.0,10.0,12.0,33.0,8.0,65,29.9,1007.0,24.9,0.0,39.0,7.6,PM10
TPHCM,Tân Bình,62.0,64.0,15.0,10.0,12.0,36.0,8.0,64,30.0,1008.0,24.0,0.0,110.0,7.6,PM10
TPHCM,Tân Phú,55.0,52.0,13.0,10.0,12.0,40.0,8.0,55,28.0,1009.0,25.0,0.0,360.0,5.4,PM2.5
TPHCM,Q1,54.0,51.0,13.0,10.0,12.0,40.0,8.0,54,28.0,1009.0,25.0,0.0,171.1,1.6,PM2.5
TPHCM,Q3,355.0,288.0,61.0,4.0,15.0,74.0,47.0,355,29.0,1009.0,24.0,0.0,160.0,7.6,PM2.5
TPHCM,Tân Bình,335.0,286.0,52.0,12.0,21.0,160.0,20.0,335,28.9,1008.1,25.0,0.0,158.0,12.1,PM2.5
TPHCM,Q1,324.0,286.0,112.0,6.0,12.0,65.0,26.0,324,28.0,1008.0,26.0,0.0,140.0,9.4,PM2.5
TPHCM,Q3,319.0,281.0,64.0,8.0,21.0,40.0,1.0,319,28.0,1008.0,26.0,0.0,120.0,5.4,PM2.5
TPHCM,Q1,364.0,363.0,73.0,7.0,31.0,151.0,25.0,364,28.9,1008.1,26.0,0.0,120.0,8.5,PM2.5
TPHCM,Q7,310.0,212.0,81.0,5.0,10.0,91.0,15.0,310,31.1,1009.0,24.9,0.0,180.0,11.1,PM2.5
TPHCM,Bình Tân,400.0,375.0,202.0,25.0,11.0,105.0,4.0,400,32.0,1008.0,25.0,0.2,159.3,9.4,PM2.5
TPHCM,Tân Bình,340.0,308.0,104.0,13.0,20.0,150.0,20.0,340,34.0,1007.0,24.0,0.0,150.0,14.8,PM2.5
TPHCM,Q6,315.0,283.0,90.0,13.0,21.0,56.0,16.0,315,35.0,1005.0,24.0,0.0,150.0,16.6,PM2.5
TPHCM,Q1,278.0,236.0,77.0,11.0,7.0,56.0,8.0,278,34.0,1004.0,23.0,0.0,180.0,20.5,PM2.5
TPHCM,Q3,327.0,177.0,51.0,12.0,8.0,48.0,51.0,327,31.0,1006.0,25.0,0.0,160.0,22.3,PM2.5
TPHCM,Q11,335.0,312.0,63.0,14.0,25.0,74.0,28.0,335,29.9,1009.0,25.0,0.0,170.0,10.1,PM2.5
TPHCM,Q4,303.0,276.0,26.0,27.0,5.0,55.0,14.0,303,29.0,1009.0,26.0,0.0,180.0,11.2,PM2.5
TPHCM,Phú Nhuận,320.0,279.0,72.0,11.0,14.0,96.0,9.0,320,29.0,1008.0,26.0,0.0,177.0,11.2,PM2.5
TPHCM,Q1,314.0,290.0,55.0,14.0,20.0,59.0,28.0,314,28.9,1007.1,25.9,0.0,180.0,10.1,PM2.5
TPHCM,Q1,301.0,312.0,11.0,3.0,16.0,151.0,27.0,312,29.0,1006.0,26.0,0.0,190.0,7.6,PM10
TPHCM,Q10,364.0,337.0,38.0,20.0,7.0,86.0,10.0,364,28.9,1007.0,25.1,0.0,180.0,8.5,PM2.5
TPHCM,Q1,441.0,394.0,130.0,19.0,22.0,70.0,23.0,441,28.0,1008.0,26.0,0.0,210.0,7.6,PM2.5
TPHCM,Q2,265.0,223.0,53.0,14.0,13.0,52.0,47.0,265,28.9,1009.0,25.1,0.0,170.0,8.5,PM2.5
TPHCM,Q3,275.0,170.0,40.0,10.0,8.0,51.0,46.0,275,29.0,1009.0,26.0,0.2,180.0,9.4,PM2.5
TPHCM,Tân Bình,335.0,305.0,17.0,11.0,20.0,171.0,20.0,335,31.0,1010.0,25.0,0.2,200.0,11.2,PM2.5
TPHCM,Q7,345.0,230.0,62.0,7.0,15.0,42.0,69.0,345,33.0,1009.0,26.0,0.0,140.0,14.8,PM2.5
TPHCM,Bình Tân,343.0,281.0,90.0,12.0,11.0,80.0,63.0,343,33.0,1008.0,25.0,0.1,220.0,11.2,PM2.5
TPHCM,Phú Nhuận,355.0,263.0,63.0,11.0,13.0,25.0,32.0,355,35.7,1006.1,24.0,0.0,230.0,5.9,PM2.5
TPHCM,Q8,363.0,249.0,52.0,21.0,14.0,33.0,66.0,363,34.0,1005.0,25.0,0.8,210.0,18.4,PM2.5
TPHCM,Q4,308.0,156.0,59.0,3.0,6.0,42.0,45.0,308,30.0,1008.1,26.0,0.0,240.0,16.6,PM2.5
TPHCM,Phú Nhuận,312.0,201.0,92.0,13.0,16.0,34.0,11.0,312,29.0,1007.0,26.0,0.0,210.0,11.2,PM2.5
TPHCM,Tân Phú,368.0,266.0,60.0,18.0,14.0,36.0,46.0,368,31.0,1008.0,25.0,0.0,220.0,11.2,PM2.5
TPHCM,Q7,323.0,228.0,80.0,11.0,20.0,60.0,41.0,323,33.9,1009.0,25.0,0.0,212.0,9.2,PM2.5
TPHCM,Q11,303.0,207.0,30.0,26.0,4.0,32.0,30.0,303,35.0,1008.0,24.0,0.0,225.6,7.6,PM2.5
TPHCM,Q6,306.0,193.0,76.0,10.0,14.0,68.0,21.0,306,36.0,1007.0,24.0,0.0,270.0,13.0,PM2.5
TPHCM,Q5,348.0,268.0,82.0,16.0,13.0,62.0,27.0,348,35.0,1006.0,23.9,0.0,266.0,15.7,PM2.5
TPHCM,Q3,366.0,253.0,32.0,19.0,5.0,27.0,25.0,366,34.8,1003.1,25.0,0.0,156.0,14.8,PM2.5
TPHCM,Bình Thạnh,323.0,249.0,73.0,8.0,7.0,16.0,58.0,323,26.0,1006.0,26.0,0.0,260.0,13.0,PM2.5
TPHCM,Q2,317.0,233.0,54.0,12.0,11.0,51.0,56.0,317,25.6,1006.0,25.0,0.0,47.0,9.2,PM2.5
TPHCM,Q3,289.0,151.0,42.0,10.0,9.0,41.0,108.0,289,28.0,1006.0,26.0,0.0,210.0,7.6,PM2.5
TPHCM,Phú Nhuận,360.0,270.0,21.0,13.0,15.0,44.0,73.0,360,29.0,1006.0,27.0,0.0,150.0,5.4,PM2.5
TPHCM,Q9,372.0,298.0,34.0,15.0,12.0,79.0,10.0,372,29.9,1007.1,26.8,0.0,210.0,4.9,PM2.5
TPHCM,Q1,333.0,266.0,85.0,12.0,15.0,111.0,64.0,333,29.0,1007.0,26.0,0.0,210.0,9.4,PM2.5
TPHCM,Q10,344.0,252.0,59.0,10.0,16.0,55.0,8.0,344,28.9,1006.1,25.9,0.0,210.0,6.9,PM2.5
TPHCM,Tân Phú,371.0,258.0,54.0,19.0,18.0,45.0,19.0,371,28.0,1006.0,26.0,0.0,200.0,7.6,PM2.5
TPHCM,Q7,343.0,270.0,36.0,5.0,5.0,73.0,29.0,343,28.0,1007.0,26.0,0.0,230.0,9.4,PM2.5
TPHCM,Q6,350.0,332.0,68.0,7.0,14.0,77.0,15.0,350,28.9,1007.1,26.0,0.0,200.0,10.1,PM2.5
TPHCM,Q4,307.0,157.0,62.0,3.0,8.0,80.0,11.0,307,33.9,1008.1,23.0,0.0,252.0,13.7,PM2.5
TPHCM,Phú Nhuận,315.0,202.0,97.0,13.0,18.0,67.0,10.0,315,34.0,1005.0,23.0,0.0,260.0,20.5,PM2.5
TPHCM,Tân Phú,364.0,251.0,62.0,17.0,14.0,73.0,9.0,364,31.0,1007.0,25.0,0.0,210.0,9.4,PM2.5
TPHCM,Q7,322.0,220.0,81.0,11.0,19.0,95.0,11.0,322,30.9,1008.1,25.1,0.0,239.0,15.3,PM2.5
TPHCM,Q11,312.0,213.0,31.0,21.0,5.0,70.0,6.0,312,30.0,1008.0,26.0,0.0,230.0,16.6,PM2.5
TPHCM,Q6,310.0,192.0,72.0,9.0,20.0,76.0,8.0,310,29.0,1008.0,26.0,0.0,250.0,14.8,PM2.5
TPHCM,Q5,342.0,237.0,76.0,16.0,16.0,83.0,10.0,342,28.9,1007.0,25.1,0.0,240.0,13.4,PM2.5
TPHCM,Bình Thạnh,272.0,217.0,88.0,6.0,18.0,56.0,17.0,272,29.0,1006.0,26.0,0.0,220.0,9.4,PM2.5
TPHCM,Q2,354.0,228.0,34.0,17.0,6.0,56.0,8.0,354,28.9,1006.1,26.0,0.0,210.0,8.5,PM2.5
TPHCM,Phú Nhuận,328.0,245.0,86.0,9.0,8.0,94.0,20.0,328,28.0,1007.0,26.0,0.0,179.2,9.4,PM2.5
TPHCM,Q9,318.0,219.0,52.0,13.0,11.0,77.0,19.0,318,29.0,1008.0,26.1,0.0,198.0,10.5,PM2.5
TPHCM,Q8,297.0,151.0,56.0,10.0,10.0,58.0,26.0,297,30.0,1009.0,26.0,0.0,190.0,9.4,PM2.5
TPHCM,Q1,349.0,247.0,22.0,12.0,21.0,76.0,12.0,349,32.0,1009.0,27.0,0.1,240.0,11.2,PM2.5
TPHCM,Q10,366.0,271.0,32.0,14.0,12.0,99.0,8.0,366,32.0,1009.0,25.0,0.0,213.0,10.5,PM2.5
TPHCM,Tân Phú,348.0,270.0,84.0,12.0,15.0,105.0,63.0,348,34.0,1007.0,25.0,0.0,240.0,9.4,PM2.5
TPHCM,Bình Tân,349.0,253.0,58.0,11.0,15.0,43.0,11.0,349,34.1,1006.0,25.0,0.0,248.0,12.8,PM2.5
TPHCM,Q11,378.0,268.0,57.0,19.0,20.0,46.0,26.0,378,35.0,1004.0,24.0,0.0,190.0,13.0,PM2.5
TPHCM,Q5,348.0,267.0,36.0,5.0,5.0,56.0,40.0,348,33.0,1003.0,27.0,0.6,170.0,14.8,PM2.5
TPHCM,Bình Thạnh,361.0,346.0,70.0,7.0,15.0,66.0,24.0,361,28.2,1005.1,25.1,0.0,308.0,9.4,PM2.5
TPHCM,Phú Nhuận,315.0,159.0,63.0,3.0,8.0,77.0,15.0,315,28.9,1007.1,26.0,0.0,95.4,3.3,PM2.5
TPHCM,Q10,329.0,209.0,100.0,13.0,18.0,69.0,10.0,329,29.0,1006.0,27.0,0.0,210.0,13.0,PM2.5
TPHCM,Q6,370.0,253.0,63.0,17.0,17.0,61.0,15.0,370,24.0,1010.0,24.0,0.0,350.0,11.2,PM2.5
TPHCM,Q4,333.0,223.0,80.0,11.0,21.0,89.0,19.0,333,24.1,1010.0,24.0,0.0,311.0,9.2,PM2.5
TPHCM,Bình Thạnh,325.0,218.0,31.0,22.0,4.0,66.0,13.0,325,25.0,1009.0,24.0,0.0,280.0,9.4,PM2.5
TPHCM,Q2,318.0,195.0,74.0,10.0,22.0,74.0,9.0,318,26.0,1008.0,24.0,0.0,260.0,7.6,PM2.5
TPHCM,Q3,356.0,242.0,70.0,16.0,16.0,78.0,18.0,356,27.0,1007.1,24.0,0.0,140.0,3.9,PM2.5
TPHCM,Q9,276.0,219.0,91.0,6.0,18.0,39.0,17.0,276,28.0,1005.0,24.0,0.0,230.4,1.8,PM2.5
TPHCM,Q8,360.0,232.0,35.0,17.0,6.0,41.0,11.0,360,29.1,1004.0,24.0,0.0,299.0,5.6,PM2.5
TPHCM,Q10,336.0,250.0,88.0,9.0,8.0,79.0,22.0,336,28.0,1006.0,25.0,0.0,290.0,11.2,PM2.5
TPHCM,Tân Bình,335.0,224.0,53.0,13.0,11.0,69.0,24.0,335,27.0,1007.0,23.9,52.9,286.0,9.5,PM2.5
TPHCM,Tân Phú,308.0,154.0,61.0,10.0,10.0,52.0,35.0,308,26.0,1008.0,24.0,0.0,320.0,9.4,PM2.5
TPHCM,Bình Tân,359.0,250.0,22.0,12.0,20.0,69.0,21.0,359,26.0,1008.0,24.0,0.0,287.9,3.6,PM2.5
TPHCM,Q7,368.0,271.0,32.0,13.0,12.0,95.0,8.0,368,26.0,1008.1,24.0,0.0,305.9,3.3,PM2.5
TPHCM,Q11,302.0,169.0,51.0,6.0,18.0,52.0,21.0,302,26.0,1009.0,24.0,0.0,40.0,3.6,PM2.5
TPHCM,Q6,338.0,248.0,79.0,12.0,19.0,99.0,74.0,338,26.0,1008.0,24.0,0.7,50.0,5.4,PM2.5
TPHCM,Q5,336.0,233.0,53.0,11.0,15.0,26.0,11.0,336,25.1,1007.1,23.9,0.0,287.7,1.6,PM2.5
TPHCM,Q5,366.0,254.0,55.0,18.0,19.0,54.0,21.0,366,25.0,1006.0,24.0,0.0,249.6,3.6,PM2.5
TPHCM,Tân Phú,333.0,240.0,33.0,5.0,5.0,46.0,42.0,333,25.0,1006.0,24.0,0.0,0.0,0.0,PM2.5
TPHCM,Q2,352.0,321.0,67.0,7.0,14.0,60.0,20.0,352,27.9,1007.1,24.0,0.0,223.9,1.6,PM2.5
TPHCM,Q7,305.0,153.0,62.0,3.0,8.0,70.0,12.0,305,31.9,1008.0,26.0,0.0,266.0,7.9,PM2.5
TPHCM,Q1,333.0,214.0,97.0,13.0,18.0,48.0,10.0,333,33.0,1004.0,25.0,0.1,253.1,7.6,PM2.5
TPHCM,Tân Bình,308.0,164.0,42.0,11.0,8.0,39.0,22.0,308,32.0,1003.0,27.0,0.3,180.0,13.0,PM2.5
TPHCM,Tân Phú,355.0,228.0,61.0,17.0,19.0,54.0,14.0,355,28.0,1006.0,25.0,0.1,230.0,13.0,PM2.5
TPHCM,Q5,325.0,214.0,73.0,11.0,21.0,77.0,19.0,325,27.1,1007.1,24.0,0.0,240.0,10.1,PM2.5
TPHCM,Q9,309.0,205.0,30.0,21.0,5.0,44.0,16.0,309,27.0,1008.0,24.0,0.9,240.0,5.4,PM2.5
TPHCM,Q3,310.0,188.0,72.0,10.0,24.0,67.0,9.0,310,26.0,1007.0,24.0,0.9,69.0,3.6,PM2.5
TPHCM,Q8,341.0,218.0,62.0,16.0,16.0,52.0,18.0,341,27.0,1006.1,25.0,0.0,60.0,4.9,PM2.5
TPHCM,Tân Bình,256.0,205.0,86.0,6.0,18.0,37.0,17.0,256,26.0,1006.0,25.0,0.3,30.0,5.4,PM2.5
TPHCM,Bình Tân,350.0,229.0,34.0,17.0,6.0,35.0,9.0,350,27.0,1006.0,24.9,0.0,60.0,4.9,PM2.5
TPHCM,Tân Phú,324.0,239.0,84.0,9.0,8.0,55.0,29.0,324,27.0,1006.0,25.0,0.0,109.3,3.6,PM2.5
TPHCM,Bình Thạnh,330.0,213.0,51.0,13.0,11.0,62.0,21.0,330,27.9,1007.0,24.9,0.0,9.1,3.3,PM2.5
TPHCM,Q10,295.0,147.0,59.0,10.0,11.0,49.0,27.0,295,30.0,1007.0,25.0,0.0,110.0,5.4,PM2.5
TPHCM,Q3,346.0,233.0,21.0,11.0,18.0,47.0,18.0,346,31.0,1008.0,25.0,0.0,170.0,5.4,PM2.5
TPHCM,Q1,361.0,258.0,29.0,13.0,12.0,93.0,7.0,361,32.0,1007.1,25.0,0.0,265.0,7.5,PM2.5
TPHCM,Bình Tân,293.0,164.0,49.0,6.0,18.0,52.0,19.0,293,33.0,1007.0,24.0,0.2,230.0,11.2,PM2.5
TPHCM,Q7,336.0,239.0,78.0,11.0,22.0,99.0,76.0,336,34.0,1006.0,24.0,0.7,162.8,9.4,PM2.5
TPHCM,Q2,331.0,227.0,52.0,11.0,15.0,27.0,9.0,331,34.0,1005.0,24.0,0.0,160.0,5.6,PM2.5
TPHCM,Q3,361.0,248.0,55.0,18.0,20.0,56.0,17.0,361,25.0,1004.0,25.0,0.0,250.0,11.2,PM2.5
TPHCM,Bình Thạnh,326.0,234.0,32.0,5.0,5.0,47.0,38.0,326,28.0,1005.0,25.0,0.6,230.0,5.4,PM2.5
TPHCM,Q10,347.0,306.0,67.0,7.0,14.0,59.0,17.0,347,28.0,1006.0,25.8,0.0,173.0,8.8,PM2.5
TPHCM,Tân Bình,299.0,150.0,61.0,3.0,7.0,73.0,10.0,299,28.9,1008.1,25.9,0.0,180.0,8.5,PM2.5
TPHCM,Q10,332.0,211.0,96.0,13.0,18.0,40.0,10.0,332,28.0,1008.0,26.0,0.0,210.0,5.4,PM2.5
TPHCM,Q6,305.0,162.0,42.0,11.0,8.0,43.0,17.0,305,27.0,1008.0,26.0,0.0,122.9,3.6,PM2.5
TPHCM,Q9,349.0,222.0,60.0,17.0,20.0,57.0,10.0,349,31.0,1009.0,26.0,0.0,133.6,3.6,PM2.5
TPHCM,Bình Thạnh,320.0,209.0,71.0,10.0,22.0,76.0,15.0,320,32.0,1009.1,25.9,0.0,72.0,10.8,PM2.5
TPHCM,Bình Tân,302.0,200.0,30.0,21.0,5.0,45.0,17.0,302,33.0,1009.0,25.0,0.0,130.0,9.4,PM2.5
TPHCM,Q3,306.0,186.0,72.0,10.0,25.0,69.0,7.0,306,35.0,1008.0,24.0,0.0,143.1,5.4,PM2.5
TPHCM,Tân Bình,336.0,214.0,61.0,16.0,16.0,52.0,17.0,336,34.0,1007.1,24.0,0.0,90.0,9.5,PM2.5
TPHCM,Q5,248.0,200.0,85.0,6.0,18.0,42.0,17.0,248,34.0,1005.0,24.0,0.0,180.0,13.0,PM2.5
TPHCM,Q7,344.0,225.0,33.0,16.0,6.0,37.0,7.0,344,31.1,1006.0,24.8,0.0,242.0,16.0,PM2.5
TPHCM,Q11,320.0,235.0,83.0,9.0,8.0,56.0,29.0,320,31.0,1007.0,25.0,0.0,160.0,16.6,PM2.5
TPHCM,Q2,324.0,209.0,51.0,13.0,11.0,62.0,20.0,324,30.0,1007.1,25.0,0.0,153.0,16.0,PM2.5
TPHCM,Q4,290.0,145.0,59.0,10.0,11.0,52.0,21.0,290,27.0,1008.0,25.0,0.0,10.0,11.2,PM2.5
TPHCM,Q4,342.0,229.0,21.0,11.0,18.0,47.0,15.0,342,27.0,1009.0,26.0,0.0,300.0,7.6,PM2.5
TPHCM,Tân Bình,357.0,252.0,28.0,13.0,12.0,93.0,7.0,357,27.1,1010.1,25.9,0.0,270.0,3.6,PM2.5
TPHCM,Q5,217.0,115.0,36.0,6.0,12.0,61.0,12.0,217,27.0,1010.0,27.0,0.0,290.0,5.4,PM2.5
TPHCM,Q6,294.0,174.0,57.0,9.0,28.0,88.0,63.0,294,27.0,1010.0,26.0,0.0,40.0,5.4,PM2.5
TPHCM,Tân Phú,277.0,147.0,43.0,9.0,14.0,46.0,8.0,277,27.1,1010.0,24.9,0.0,90.0,4.3,PM2.5
TPHCM,Q10,297.0,168.0,52.0,17.0,19.0,65.0,16.0,297,28.0,1009.0,26.0,0.0,139.7,3.6,PM2.5
TPHCM,Q4,270.0,143.0,27.0,5.0,6.0,71.0,24.0,270,27.0,1009.0,26.0,0.0,121.0,3.6,PM2.5
TPHCM,Q1,261.0,179.0,65.0,6.0,15.0,54.0,12.0,261,28.0,1009.1,26.0,0.0,117.0,9.2,PM2.5
TPHCM,Q2,243.0,122.0,59.0,3.0,8.0,86.0,7.0,243,31.1,1010.0,26.0,0.0,101.0,12.8,PM2.5
TPHCM,Q6,238.0,140.0,90.0,14.0,25.0,54.0,30.0,238,33.0,1009.0,26.0,0.0,110.0,9.4,PM2.5
TPHCM,Tân Phú,232.0,131.0,47.0,10.0,7.0,39.0,18.0,232,31.0,1008.0,25.0,0.0,160.0,18.4,PM2.5
TPHCM,Q2,280.0,153.0,48.0,17.0,19.0,48.0,7.0,280,30.0,1009.0,26.0,0.0,140.0,9.4,PM2.5
TPHCM,Q4,258.0,146.0,52.0,10.0,21.0,67.0,10.0,258,29.9,1011.0,26.0,0.0,90.0,11.7,PM2.5
TPHCM,Tân Phú,238.0,145.0,23.0,18.0,5.0,48.0,6.0,238,28.0,1011.0,24.0,0.0,340.0,7.6,PM2.5
TPHCM,Phú Nhuận,247.0,141.0,68.0,9.0,23.0,67.0,8.0,247,27.0,1010.0,25.0,0.0,50.0,5.4,PM2.5
TPHCM,Phú Nhuận,252.0,133.0,51.0,13.0,17.0,49.0,10.0,252,27.2,1009.1,25.1,0.0,20.0,4.9,PM2.5
TPHCM,Q5,143.0,134.0,69.0,5.0,17.0,46.0,24.0,143,26.0,1008.0,24.0,0.0,30.0,5.4,PM2.5
TPHCM,Q10,244.0,166.0,55.0,6.0,6.0,51.0,17.0,244,26.0,1009.0,25.0,0.0,10.0,5.4,PM2.5
TPHCM,Q2,294.0,177.0,45.0,12.0,13.0,71.0,25.0,294,27.1,1010.0,25.0,0.0,20.0,4.9,PM2.5
TPHCM,Tân Phú,222.0,114.0,54.0,10.0,11.0,52.0,16.0,222,30.0,1010.0,25.0,0.0,30.0,7.6,PM2.5
TPHCM,Tân Phú,294.0,163.0,15.0,10.0,30.0,58.0,17.0,294,32.0,1011.0,26.0,0.0,70.0,11.2,PM2.5
TPHCM,Tân Bình,316.0,193.0,25.0,13.0,11.0,97.0,10.0,316,32.9,1010.1,24.0,0.0,86.0,10.5,PM2.5
TPHCM,Q8,221.0,116.0,37.0,6.0,12.0,61.0,13.0,221,34.0,1010.0,23.0,0.0,130.0,16.6,PM2.5
TPHCM,Bình Tân,296.0,173.0,56.0,9.0,27.0,92.0,65.0,296,35.0,1009.0,23.0,0.0,90.0,11.2,PM2.5
TPHCM,Q3,281.0,147.0,45.0,9.0,14.0,51.0,9.0,281,34.8,1008.1,23.2,0.0,127.0,14.1,PM2.5
TPHCM,Bình Thạnh,298.0,167.0,53.0,17.0,18.0,68.0,19.0,298,27.0,1008.0,25.0,0.0,50.0,29.5,PM2.5
TPHCM,Q3,271.0,141.0,28.0,5.0,6.0,75.0,30.0,271,29.0,1007.0,26.0,0.0,200.0,9.4,PM2.5
TPHCM,Q7,260.0,174.0,65.0,6.0,15.0,58.0,14.0,260,30.0,1009.1,26.0,1.7,170.0,11.7,PM2.5
TPHCM,Q1,249.0,123.0,60.0,3.0,7.0,91.0,7.0,249,28.1,1010.1,27.0,0.0,40.0,4.9,PM2.5
TPHCM,Q8,242.0,140.0,91.0,14.0,25.0,56.0,31.0,242,28.0,1010.0,27.0,0.0,360.0,9.4,PM2.5
TPHCM,Q7,227.0,127.0,49.0,10.0,7.0,39.0,20.0,227,26.0,1009.0,25.0,0.0,30.0,7.6,PM2.5
TPHCM,Q3,281.0,152.0,49.0,17.0,19.0,49.0,9.0,281,30.0,1010.0,26.0,0.0,80.0,7.6,PM2.5
TPHCM,Q10,263.0,147.0,51.0,10.0,21.0,67.0,13.0,263,33.0,1010.0,25.0,0.0,90.0,13.0,PM2.5
TPHCM,Q11,241.0,145.0,23.0,18.0,5.0,50.0,5.0,241,33.0,1009.0,25.0,0.0,100.0,11.2,PM2.5
TPHCM,Q9,252.0,142.0,70.0,9.0,23.0,73.0,7.0,252,34.0,1008.0,25.0,0.0,120.0,11.2,PM2.5
TPHCM,Bình Thạnh,253.0,132.0,52.0,13.0,17.0,52.0,10.0,253,35.0,1007.0,24.0,0.0,100.0,9.4,PM2.5
TPHCM,Phú Nhuận,144.0,134.0,69.0,5.0,17.0,48.0,24.0,144,33.0,1006.0,25.0,0.0,160.0,20.5,PM2.5
TPHCM,Bình Thạnh,246.0,166.0,55.0,6.0,6.0,52.0,18.0,246,31.0,1007.0,26.0,0.0,160.0,16.6,PM2.5
TPHCM,Q9,293.0,176.0,46.0,12.0,14.0,76.0,28.0,293,30.0,1007.0,26.0,0.1,170.0,13.0,PM2.5
TPHCM,Q5,228.0,115.0,53.0,10.0,11.0,53.0,21.0,228,30.0,1008.0,26.0,0.0,130.0,11.2,PM2.5
TPHCM,Q3,296.0,163.0,15.0,10.0,30.0,63.0,18.0,296,30.0,1008.0,26.0,0.0,110.0,11.2,PM2.5
TPHCM,Q2,318.0,193.0,25.0,13.0,11.0,101.0,10.0,318,30.0,1008.0,26.0,0.0,130.0,13.0,PM2.5
TPHCM,Q3,66.0,76.0,23.0,1.0,5.0,33.0,32.0,76,30.0,1009.0,26.0,0.0,140.0,5.4,PM10
TPHCM,Tân Bình,345.0,194.0,30.0,2.0,54.0,79.0,5.0,345,30.0,1009.0,26.0,0.0,120.0,5.4,PM2.5
TPHCM,Q7,232.0,193.0,46.0,9.0,14.0,87.0,9.0,232,29.0,1009.0,27.0,0.0,350.0,7.6,PM2.5
TPHCM,Tân Bình,265.0,162.0,31.0,2.0,88.0,64.0,5.0,265,27.0,1009.0,26.0,0.3,50.0,5.4,PM2.5
TPHCM,Q11,143.0,155.0,80.0,16.0,10.0,30.0,20.0,155,26.0,1009.0,26.0,0.0,20.0,7.6,PM10
TPHCM,Q1,261.0,194.0,27.0,2.0,92.0,83.0,5.0,261,31.0,1011.0,26.0,0.0,60.0,13.0,PM2.5
TPHCM,Q4,81.0,105.0,67.0,14.0,11.0,28.0,14.0,105,32.0,1010.0,25.0,0.0,110.0,16.6,PM10
TPHCM,Bình Tân,258.0,192.0,24.0,2.0,87.0,65.0,5.0,258,33.0,1007.0,25.0,0.1,120.0,25.9,PM2.5
TPHCM,Q10,85.0,106.0,67.0,14.0,12.0,34.0,20.0,106,33.0,1007.0,25.0,0.0,120.0,22.3,PM10
TPHCM,Q1,265.0,205.0,28.0,2.0,73.0,67.0,5.0,265,30.0,1007.0,25.0,0.1,90.0,16.6,PM2.5
TPHCM,Q4,118.0,147.0,76.0,16.0,12.0,65.0,12.0,147,29.0,1008.0,26.0,0.0,80.0,7.6,PM10
TPHCM,Bình Tân,263.0,203.0,27.0,2.0,72.0,71.0,5.0,263,29.0,1009.0,24.0,0.0,130.0,9.4,PM2.5
TPHCM,Bình Tân,128.0,153.0,79.0,16.0,12.0,71.0,8.0,153,29.0,1009.0,24.0,0.0,130.0,9.4,PM10
TPHCM,Q2,172.0,136.0,15.0,21.0,53.0,40.0,41.0,172,28.0,1008.0,24.0,0.0,120.0,7.6,PM2.5
TPHCM,Q9,281.0,195.0,35.0,2.0,46.0,92.0,5.0,281,28.0,1008.0,25.0,0.0,140.0,9.4,PM2.5
TPHCM,Q2,162.0,175.0,107.0,20.0,20.0,47.0,9.0,175,28.0,1009.0,25.0,0.0,80.0,9.4,PM10
TPHCM,Q4,169.0,135.0,15.0,21.0,52.0,38.0,48.0,169,30.0,1010.0,25.0,0.0,90.0,11.2,PM2.5
TPHCM,Bình Tân,282.0,194.0,36.0,2.0,46.0,88.0,5.0,282,33.0,1010.0,23.0,0.0,80.0,13.0,PM2.5
TPHCM,Q11,168.0,177.0,109.0,21.0,23.0,43.0,11.0,177,34.0,1009.0,24.0,0.0,90.0,13.0,PM10
TPHCM,Q8,259.0,171.0,92.0,12.0,30.0,42.0,85.0,259,36.4,1008.0,21.3,0.4,93.3,5.0,PM2.5
TPHCM,Tân Phú,223.0,119.0,95.0,17.0,20.0,53.0,26.0,223,34.7,1007.0,21.4,0.3,133.5,9.0,PM2.5
TPHCM,Q1,289.0,274.0,139.0,21.0,8.0,65.0,7.0,289,33.4,1006.0,22.2,0.2,149.1,13.0,PM2.5
TPHCM,Q2,262.0,145.0,53.0,3.0,30.0,68.0,70.0,262,33.2,1006.0,22.6,0.0,166.5,13.0,PM2.5
TPHCM,Phú Nhuận,152.0,134.0,43.0,12.0,17.0,53.0,28.0,152,30.9,1006.0,23.0,0.0,151.1,17.3,PM2.5
TPHCM,Phú Nhuận,224.0,130.0,69.0,13.0,21.0,59.0,15.0,224,29.3,1009.0,24.0,0.0,129.3,14.8,PM2.5
TPHCM,Tân Phú,240.0,132.0,9.0,5.0,9.0,46.0,41.0,240,29.0,1009.0,24.0,0.0,129.5,13.3,PM2.5
TPHCM,Q7,153.0,134.0,61.0,18.0,7.0,41.0,16.0,153,28.8,1009.0,24.1,0.0,131.3,12.2,PM2.5
TPHCM,Q8,204.0,160.0,51.0,26.0,45.0,38.0,24.0,204,29.0,1009.5,24.0,0.0,140.0,10.8,PM2.5
TPHCM,Q8,216.0,145.0,40.0,4.0,25.0,35.0,41.0,216,29.0,1008.0,23.0,0.0,150.0,13.0,PM2.5
TPHCM,Bình Thạnh,183.0,142.0,30.0,19.0,13.0,67.0,34.0,183,29.0,1008.0,23.0,0.0,130.0,16.6,PM2.5
TPHCM,Q10,238.0,111.0,7.0,9.0,8.0,34.0,14.0,238,29.0,1009.0,23.0,0.0,130.0,14.8,PM2.5
TPHCM,Q3,276.0,181.0,16.0,34.0,4.0,69.0,9.0,276,29.0,1009.0,24.0,0.0,120.0,14.8,PM2.5
TPHCM,Q6,110.0,224.0,39.0,7.0,32.0,128.0,7.0,224,33.0,1011.0,23.0,0.0,100.0,14.8,PM10
TPHCM,Q10,195.0,141.0,40.0,8.0,21.0,33.0,41.0,195,34.0,1010.0,23.0,0.0,100.0,13.0,PM2.5
TPHCM,Q7,203.0,150.0,62.0,10.0,6.0,24.0,158.0,203,34.5,1008.6,22.8,0.0,160.0,10.8,PM2.5
TPHCM,Tân Phú,167.0,106.0,69.0,7.0,13.0,65.0,27.0,167,35.0,1007.0,22.0,3.5,90.0,11.2,PM2.5
TPHCM,Phú Nhuận,276.0,144.0,39.0,4.0,20.0,28.0,97.0,276,32.6,1006.8,24.6,0.0,140.0,10.8,PM2.5
TPHCM,Bình Tân,110.0,171.0,73.0,11.0,21.0,57.0,62.0,171,33.0,1006.0,24.0,0.2,190.0,14.8,PM10
TPHCM,Bình Thạnh,298.0,157.0,75.0,11.0,17.0,53.0,21.0,298,29.1,1010.7,24.5,0.0,140.0,10.8,PM2.5
TPHCM,Q6,301.0,152.0,8.0,5.0,8.0,26.0,48.0,301,29.0,1011.0,24.0,0.1,110.0,18.4,PM2.5
TPHCM,Q5,134.0,126.0,50.0,18.0,5.0,41.0,16.0,134,29.0,1010.0,25.0,0.1,120.0,16.6,PM2.5
TPHCM,Q6,251.0,156.0,40.0,23.0,51.0,22.0,28.0,251,28.6,1009.7,24.0,0.0,110.0,7.2,PM2.5
TPHCM,Q7,224.0,149.0,25.0,17.0,13.0,60.0,56.0,224,29.0,1008.0,23.0,0.4,110.0,16.6,PM2.5
TPHCM,Q8,246.0,128.0,7.0,10.0,8.0,46.0,12.0,246,29.0,1009.0,23.0,0.0,130.0,11.2,PM2.5
TPHCM,Q10,112.0,132.0,3.0,1.0,50.0,48.0,44.0,132,33.0,1010.0,22.0,0.1,90.0,18.4,PM10
TPHCM,Q3,94.0,230.0,50.0,6.0,20.0,124.0,7.0,230,32.7,1010.2,23.3,0.0,90.0,10.8,PM10
TPHCM,Tân Bình,268.0,156.0,39.0,8.0,17.0,24.0,42.0,268,34.0,1009.0,23.0,0.1,100.0,13.0,PM2.5
TPHCM,Q11,86.0,94.0,50.0,9.0,7.0,23.0,122.0,122,35.0,1008.0,22.0,1.4,90.0,13.0,OZONE
TPHCM,Q7,165.0,106.0,68.0,8.0,13.0,97.0,16.0,165,34.1,1008.1,23.4,0.0,140.0,14.4,PM2.5
TPHCM,Q1,348.0,278.0,95.0,13.0,8.0,71.0,5.0,348,33.0,1007.0,24.0,0.0,130.0,20.5,PM2.5
TPHCM,Q3,261.0,138.0,41.0,3.0,15.0,45.0,56.0,261,34.0,1006.0,24.0,0.2,160.0,20.5,PM2.5
TPHCM,Tân Phú,113.0,173.0,61.0,11.0,23.0,71.0,36.0,173,32.6,1006.9,23.6,0.0,140.0,18.0,PM10
TPHCM,Q6,147.0,132.0,30.0,17.0,8.0,29.0,8.0,147,31.0,1007.0,24.0,0.0,150.0,18.4,PM2.5
TPHCM,Tân Bình,294.0,142.0,64.0,12.0,13.0,83.0,10.0,294,29.0,1009.0,25.0,0.0,120.0,14.8,PM2.5
TPHCM,Bình Tân,296.0,138.0,8.0,5.0,6.0,44.0,8.0,296,28.7,1010.4,24.9,0.0,140.0,7.2,PM2.5
TPHCM,Q4,112.0,101.0,48.0,15.0,4.0,44.0,5.0,112,29.0,1009.0,25.0,0.0,130.0,9.4,PM2.5
TPHCM,Q1,187.0,128.0,38.0,25.0,56.0,40.0,6.0,187,28.1,1009.2,25.1,0.0,180.0,7.2,PM2.5
TPHCM,Q9,158.0,113.0,25.0,3.0,20.0,29.0,11.0,158,28.0,1008.0,25.0,0.0,110.0,13.0,PM2.5
TPHCM,Q3,192.0,150.0,24.0,15.0,12.0,37.0,34.0,192,28.0,1008.0,25.0,0.0,120.0,13.0,PM2.5
TPHCM,Q9,220.0,135.0,8.0,10.0,8.0,37.0,12.0,220,28.0,1008.0,25.0,0.0,130.0,9.4,PM2.5
TPHCM,Q10,252.0,230.0,102.0,6.0,37.0,26.0,8.0,252,28.2,1010.2,25.8,0.0,90.0,10.8,PM2.5
TPHCM,Bình Tân,102.0,123.0,3.0,1.0,51.0,36.0,11.0,123,32.0,1010.0,24.0,0.0,110.0,16.6,PM10
TPHCM,Bình Thạnh,89.0,214.0,50.0,6.0,25.0,122.0,7.0,214,29.1,1010.8,24.1,0.0,140.0,10.8,PM10
TPHCM,Bình Thạnh,120.0,106.0,30.0,8.0,18.0,26.0,21.0,120,33.0,1009.0,24.0,0.0,130.0,18.4,PM2.5
TPHCM,Tân Bình,87.0,89.0,52.0,9.0,8.0,25.0,84.0,89,33.0,1008.0,24.0,0.0,140.0,13.0,PM10
TPHCM,Q8,167.0,110.0,70.0,8.0,12.0,90.0,18.0,167,33.2,1007.6,24.8,0.0,180.0,10.8,PM2.5
TPHCM,Q8,353.0,271.0,93.0,12.0,8.0,52.0,8.0,353,33.0,1006.0,24.0,0.0,160.0,18.4,PM2.5
TPHCM,Q11,255.0,136.0,41.0,3.0,17.0,38.0,79.0,255,33.0,1005.0,25.0,0.0,170.0,16.6,PM2.5
TPHCM,Q7,126.0,179.0,65.0,11.0,23.0,60.0,45.0,179,31.2,1006.3,24.2,0.0,180.0,18.0,PM10
TPHCM,Q9,134.0,126.0,29.0,17.0,7.0,26.0,13.0,134,28.0,1008.0,23.0,0.0,10.0,13.0,PM2.5
TPHCM,Q1,290.0,140.0,63.0,12.0,13.0,73.0,14.0,290,26.0,1010.0,24.0,0.0,50.0,7.6,PM2.5
TPHCM,Q4,288.0,135.0,8.0,5.0,6.0,35.0,16.0,288,27.6,1010.5,24.5,0.0,50.0,10.8,PM2.5
TPHCM,Q9,109.0,96.0,48.0,15.0,6.0,40.0,7.0,109,27.0,1009.0,24.0,0.0,60.0,11.2,PM2.5
TPHCM,Bình Thạnh,180.0,123.0,41.0,25.0,56.0,43.0,5.0,180,26.5,1008.2,24.8,0.0,20.0,3.6,PM2.5
TPHCM,Q10,157.0,110.0,26.0,3.0,24.0,26.0,14.0,157,26.0,1007.0,24.0,0.0,60.0,7.6,PM2.5
TPHCM,Q8,205.0,156.0,23.0,15.0,12.0,38.0,40.0,205,26.0,1007.0,25.0,0.0,40.0,5.4,PM2.5
TPHCM,Q5,223.0,133.0,7.0,9.0,8.0,33.0,13.0,223,26.0,1007.0,24.0,0.0,70.0,7.6,PM2.5
TPHCM,Q1,251.0,232.0,100.0,5.0,31.0,26.0,11.0,251,27.6,1008.1,25.1,0.0,50.0,7.2,PM2.5
TPHCM,Q3,95.0,115.0,3.0,1.0,52.0,31.0,14.0,115,30.0,1008.0,24.0,0.2,140.0,7.6,PM10
TPHCM,Q3,90.0,224.0,49.0,6.0,26.0,121.0,7.0,224,31.7,1008.8,23.8,0.0,180.0,7.2,PM10
TPHCM,Q5,119.0,102.0,31.0,8.0,18.0,28.0,16.0,119,33.0,1008.0,23.0,0.0,145.2,9.4,PM2.5
TPHCM,Tân Phú,79.0,77.0,56.0,8.0,10.0,30.0,48.0,79,33.0,1008.0,23.0,0.1,140.0,11.2,PM2.5
TPHCM,Tân Phú,165.0,112.0,74.0,9.0,13.0,87.0,13.0,165,32.7,1007.2,24.3,0.0,140.0,14.4,PM2.5
TPHCM,Bình Tân,342.0,253.0,85.0,12.0,8.0,44.0,7.0,342,34.0,1005.0,24.0,0.0,150.0,16.6,PM2.5
TPHCM,Q9,233.0,128.0,40.0,3.0,24.0,36.0,82.0,233,35.0,1005.0,22.0,0.2,140.0,20.5,PM2.5
TPHCM,Bình Tân,133.0,187.0,66.0,11.0,24.0,70.0,30.0,187,32.1,1006.0,23.3,0.0,180.0,14.4,PM10
TPHCM,Q6,116.0,113.0,24.0,16.0,6.0,17.0,21.0,116,30.0,1006.0,24.0,0.0,158.5,3.6,PM2.5
TPHCM,Bình Tân,252.0,125.0,60.0,12.0,13.0,162.0,13.0,252,28.0,1009.0,25.0,0.0,360.0,5.4,PM2.5
TPHCM,Bình Tân,267.0,125.0,8.0,5.0,5.0,16.0,26.0,267,28.5,1009.4,25.1,0.0,171.1,0.0,PM2.5
TPHCM,Q3,99.0,85.0,47.0,16.0,6.0,35.0,8.0,99,29.0,1009.0,24.0,0.0,160.0,7.6,PM2.5
TPHCM,Tân Phú,169.0,112.0,42.0,26.0,57.0,31.0,7.0,169,28.2,1008.8,25.1,0.0,140.0,3.6,PM2.5
TPHCM,Bình Thạnh,150.0,100.0,27.0,3.0,24.0,25.0,14.0,150,29.0,1007.0,25.0,0.0,150.0,11.2,PM2.5
TPHCM,Bình Tân,199.0,159.0,24.0,15.0,13.0,58.0,30.0,199,28.0,1007.0,25.0,0.0,150.0,9.4,PM2.5
TPHCM,Q7,232.0,124.0,7.0,10.0,8.0,26.0,11.0,232,28.0,1008.0,26.0,0.0,140.0,9.4,PM2.5
TPHCM,Q2,233.0,217.0,93.0,6.0,30.0,20.0,26.0,233,28.1,1009.2,25.9,0.0,120.0,0.0,PM2.5
TPHCM,Bình Tân,79.0,100.0,3.0,1.0,52.0,25.0,17.0,100,31.0,1009.0,25.0,0.0,180.0,9.4,PM10
TPHCM,Q9,85.0,218.0,50.0,6.0,27.0,120.0,7.0,218,31.6,1009.1,24.4,0.0,180.0,10.8,PM10
TPHCM,Q8,123.0,96.0,37.0,8.0,17.0,39.0,8.0,123,32.0,1008.0,25.0,0.2,159.3,9.4,PM2.5
TPHCM,Q7,77.0,75.0,56.0,8.0,11.0,29.0,48.0,77,34.0,1007.0,24.0,0.0,150.0,14.8,PM2.5
TPHCM,Q6,163.0,111.0,75.0,9.0,11.0,91.0,10.0,163,34.0,1007.0,23.6,0.0,140.0,18.0,PM2.5
TPHCM,Q2,337.0,249.0,82.0,12.0,8.0,44.0,6.0,337,35.0,1005.0,24.0,0.0,150.0,16.6,PM2.5
TPHCM,Q9,228.0,125.0,39.0,3.0,26.0,36.0,85.0,228,34.0,1004.0,23.0,0.0,180.0,20.5,PM2.5
TPHCM,Q8,131.0,188.0,67.0,11.0,24.0,71.0,24.0,188,32.2,1005.2,24.3,0.0,140.0,10.8,PM10
TPHCM,Phú Nhuận,112.0,110.0,23.0,16.0,6.0,16.0,22.0,112,31.0,1006.0,25.0,0.0,160.0,22.3,PM2.5
TPHCM,Q6,246.0,122.0,60.0,12.0,14.0,151.0,12.0,246,30.0,1008.0,25.0,0.0,180.0,14.8,PM2.5
TPHCM,Q5,256.0,121.0,8.0,5.0,5.0,14.0,27.0,256,29.2,1009.4,25.3,0.0,170.0,0.0,PM2.5
TPHCM,Q5,97.0,82.0,47.0,16.0,6.0,35.0,8.0,97,29.0,1009.0,26.0,0.0,180.0,11.2,PM2.5
TPHCM,Bình Tân,167.0,110.0,42.0,26.0,57.0,29.0,8.0,167,28.6,1007.8,25.6,0.0,180.0,0.0,PM2.5
TPHCM,Q6,146.0,98.0,27.0,3.0,24.0,26.0,14.0,146,29.0,1007.0,26.0,0.0,190.0,9.4,PM2.5
TPHCM,Bình Thạnh,197.0,159.0,24.0,15.0,13.0,61.0,26.0,197,29.0,1006.0,26.0,0.0,190.0,7.6,PM2.5
TPHCM,Q7,231.0,123.0,7.0,9.0,8.0,26.0,11.0,231,28.0,1007.0,26.0,0.0,190.0,9.4,PM2.5
TPHCM,Q2,226.0,213.0,92.0,6.0,30.0,19.0,27.0,226,28.2,1009.0,26.1,0.0,170.0,0.0,PM2.5
TPHCM,Tân Bình,75.0,96.0,3.0,1.0,52.0,25.0,17.0,96,31.0,1010.0,25.0,0.2,200.0,11.2,PM10
TPHCM,Q8,83.0,213.0,50.0,6.0,28.0,120.0,7.0,213,32.5,1009.7,25.4,0.0,90.0,7.2,PM10
TPHCM,Q1,124.0,95.0,37.0,8.0,16.0,40.0,6.0,124,33.0,1009.0,26.0,0.0,140.0,14.8,PM2.5
TPHCM,Q11,63.0,56.0,54.0,8.0,12.0,21.0,52.0,63,33.0,1008.0,25.0,0.1,220.0,11.2,PM2.5
TPHCM,Phú Nhuận,114.0,94.0,81.0,9.0,10.0,97.0,5.0,114,32.6,1007.3,23.7,0.0,230.0,10.8,PM2.5
TPHCM,Q2,214.0,152.0,47.0,8.0,5.0,55.0,4.0,214,33.0,1006.0,25.0,0.1,260.0,25.9,PM2.5
TPHCM,Q6,144.0,100.0,36.0,2.0,28.0,39.0,65.0,144,34.0,1005.0,25.0,0.8,210.0,18.4,PM2.5
TPHCM,Phú Nhuận,105.0,149.0,69.0,11.0,25.0,66.0,11.0,149,32.7,1005.5,25.5,0.0,180.0,14.4,PM10
TPHCM,Tân Bình,56.0,66.0,14.0,9.0,6.0,26.0,14.0,66,32.0,1006.0,25.0,0.2,170.0,14.8,PM10
TPHCM,Q2,130.0,84.0,56.0,12.0,16.0,149.0,10.0,149,31.0,1008.0,26.0,0.0,190.0,14.8,CO
TPHCM,Q9,116.0,69.0,6.0,4.0,6.0,20.0,19.0,116,29.7,1009.0,25.9,0.0,240.0,0.0,PM2.5
TPHCM,Q3,50.0,47.0,42.0,16.0,5.0,32.0,9.0,50,29.0,1008.0,26.0,0.0,230.0,11.2,PM2.5
TPHCM,Bình Tân,92.0,72.0,39.0,23.0,55.0,20.0,8.0,92,28.7,1007.8,25.6,0.0,230.0,0.0,PM2.5
TPHCM,Bình Tân,71.0,59.0,22.0,2.0,19.0,19.0,13.0,71,29.0,1007.0,26.0,0.0,210.0,11.2,PM2.5
TPHCM,Q2,111.0,106.0,67.0,22.0,26.0,36.0,19.0,111,27.7,1007.1,25.9,0.0,200.0,0.0,PM2.5
TPHCM,Q5,169.0,98.0,7.0,8.0,8.0,27.0,13.0,169,28.0,1007.0,26.0,0.0,223.2,11.2,PM2.5
TPHCM,Q6,139.0,151.0,80.0,9.0,32.0,19.0,34.0,151,28.7,1008.4,26.1,0.0,230.0,7.2,PM10
TPHCM,Q3,44.0,55.0,3.0,1.0,49.0,27.0,10.0,55,32.0,1009.0,24.0,0.0,260.0,9.4,PM10
TPHCM,Q4,58.0,194.0,47.0,7.0,30.0,118.0,7.0,194,32.6,1009.2,24.9,0.0,230.0,7.2,PM10
TPHCM,Tân Bình,104.0,76.0,39.0,6.0,11.0,41.0,6.0,104,35.0,1008.0,24.0,0.0,225.6,7.6,PM2.5
TPHCM,Q11,62.0,55.0,55.0,8.0,12.0,21.0,54.0,62,36.0,1007.0,24.0,0.0,270.0,13.0,PM2.5
TPHCM,Q11,109.0,93.0,83.0,9.0,10.0,99.0,8.0,109,34.7,1006.3,23.4,0.0,230.0,7.2,PM2.5
TPHCM,Tân Phú,211.0,150.0,45.0,8.0,5.0,56.0,5.0,211,37.0,1005.0,24.0,0.0,280.0,18.4,PM2.5
TPHCM,Bình Tân,139.0,100.0,37.0,3.0,28.0,39.0,69.0,139,36.0,1004.0,24.0,0.0,270.0,20.5,PM2.5
TPHCM,Q3,107.0,148.0,65.0,10.0,29.0,75.0,18.0,148,32.7,1004.0,24.7,0.0,24.0,14.8,PM10
TPHCM,Q10,54.0,65.0,14.0,9.0,7.0,27.0,14.0,65,26.0,1006.0,26.0,0.0,260.0,13.0,PM10
TPHCM,Q7,126.0,84.0,57.0,12.0,17.0,135.0,11.0,135,29.0,1006.0,27.0,0.0,150.0,5.4,CO
TPHCM,Q8,105.0,64.0,6.0,4.0,6.0,20.0,21.0,105,29.2,1007.6,25.4,0.0,210.0,0.0,PM2.5
TPHCM,Bình Tân,49.0,45.0,42.0,16.0,4.0,33.0,9.0,49,29.0,1007.0,26.0,0.0,200.0,5.4,PM2.5
TPHCM,Q6,85.0,70.0,39.0,23.0,55.0,22.0,8.0,85,28.2,1007.0,25.4,0.0,210.0,0.0,PM2.5
TPHCM,Tân Bình,69.0,58.0,22.0,2.0,17.0,20.0,12.0,69,29.0,1006.0,26.0,0.0,200.0,5.4,PM2.5
TPHCM,Q2,106.0,105.0,68.0,22.0,30.0,35.0,24.0,106,27.6,1006.7,25.4,0.0,210.0,0.0,PM2.5
TPHCM,Bình Thạnh,166.0,97.0,7.0,8.0,8.0,27.0,13.0,166,28.0,1007.0,26.0,0.0,230.0,9.4,PM2.5
TPHCM,Q11,138.0,147.0,79.0,9.0,33.0,21.0,35.0,147,28.6,1008.0,26.3,0.0,200.0,0.0,PM10
TPHCM,Q1,44.0,54.0,3.0,1.0,49.0,29.0,9.0,54,32.0,1008.0,26.0,0.0,220.0,11.2,PM10
TPHCM,Q10,55.0,177.0,48.0,7.0,30.0,118.0,7.0,177,32.7,1008.8,23.5,0.0,270.0,3.6,PM10
TPHCM,Bình Thạnh,101.0,74.0,41.0,6.0,10.0,46.0,6.0,101,35.0,1008.0,23.0,0.0,260.0,16.6,PM2.5
TPHCM,Q10,36.0,56.0,40.0,1.0,10.0,34.0,58.0,58,29.7,1008.6,25.8,0.0,230.0,3.6,OZONE
TPHCM,Q11,48.0,70.0,32.0,2.0,10.0,37.0,43.0,70,29.0,1008.0,26.0,0.0,250.0,14.8,PM10
TPHCM,Q6,43.0,69.0,23.0,5.0,13.0,56.0,57.0,69,28.6,1007.5,26.1,0.0,240.0,0.0,PM10
TPHCM,Bình Thạnh,42.0,77.0,43.0,3.0,4.0,68.0,41.0,77,29.0,1006.0,26.0,0.0,230.0,14.8,PM10
TPHCM,Tân Phú,48.0,71.0,18.0,3.0,4.0,57.0,25.0,71,29.0,1007.0,26.0,0.0,200.0,9.4,PM10
TPHCM,Q6,68.0,94.0,40.0,1.0,3.0,25.0,1.0,94,28.0,1007.0,26.0,0.0,179.2,9.4,PM10
TPHCM,Q6,57.0,45.0,29.0,8.0,7.0,29.0,44.0,57,28.7,1008.5,26.8,0.0,180.0,3.6,PM2.5
TPHCM,Q7,29.0,50.0,26.0,2.0,35.0,37.0,17.0,50,30.0,1009.0,26.0,0.0,190.0,9.4,PM10
TPHCM,Q10,51.0,49.0,24.0,1.0,24.0,49.0,27.0,51,32.0,1009.0,27.0,0.1,240.0,11.2,PM2.5
TPHCM,Q3,97.0,104.0,55.0,1.0,11.0,19.0,182.0,182,34.0,1007.0,25.0,0.0,240.0,9.4,OZONE
TPHCM,Q11,117.0,108.0,39.0,4.0,8.0,22.0,81.0,117,35.0,1005.0,24.0,0.0,240.0,14.8,PM2.5
TPHCM,Tân Phú,129.0,116.0,24.0,6.0,14.0,62.0,102.0,129,35.0,1004.0,24.0,0.0,190.0,13.0,PM2.5
TPHCM,Q10,92.0,105.0,47.0,1.0,3.0,12.0,1.0,105,30.5,1005.6,25.6,0.0,24.0,9.4,PM10
TPHCM,Q1,50.0,39.0,15.0,4.0,6.0,16.0,69.0,69,29.0,1006.0,25.0,0.0,200.0,13.0,OZONE
TPHCM,Q3,65.0,79.0,29.0,2.0,33.0,25.0,27.0,79,29.0,1007.0,25.0,0.0,170.0,7.6,PM10
TPHCM,Tân Bình,100.0,78.0,16.0,1.0,22.0,34.0,50.0,100,27.7,1008.0,26.5,0.0,95.4,0.0,PM2.5
TPHCM,Tân Bình,56.0,70.0,33.0,3.0,15.0,52.0,16.0,70,29.0,1006.0,27.0,0.0,210.0,13.0,PM10
TPHCM,Bình Thạnh,53.0,68.0,21.0,5.0,14.0,60.0,45.0,68,29.0,1006.0,27.0,0.0,220.0,9.4,PM10
TPHCM,Q5,62.0,83.0,29.0,1.0,3.0,19.0,1.0,83,24.0,1011.0,24.0,0.0,150.0,7.6,PM10
TPHCM,Q5,51.0,40.0,16.0,5.0,6.0,20.0,33.0,51,25.0,1010.4,24.1,0.0,320.0,7.2,PM2.5
TPHCM,Q2,39.0,43.0,17.0,2.0,30.0,18.0,20.0,43,25.0,1009.0,24.0,0.0,280.0,9.4,PM10
TPHCM,Q5,99.0,79.0,16.0,1.0,20.0,48.0,31.0,99,26.0,1008.0,24.0,0.0,260.0,7.6,PM2.5
TPHCM,Q4,54.0,71.0,36.0,3.0,15.0,56.0,17.0,71,29.0,1005.0,25.0,0.0,320.0,11.2,PM10
TPHCM,Q4,50.0,66.0,22.0,5.0,14.0,60.0,51.0,66,28.0,1006.0,25.0,0.0,290.0,11.2,PM10
TPHCM,Q2,63.0,87.0,31.0,1.0,3.0,19.0,1.0,87,26.0,1008.0,24.0,0.7,50.0,5.4,PM10
TPHCM,Q9,50.0,40.0,16.0,5.0,6.0,16.0,45.0,50,25.6,1007.8,23.6,0.0,287.7,0.0,PM2.5
TPHCM,Tân Phú,37.0,43.0,17.0,2.0,30.0,19.0,23.0,43,25.0,1007.0,24.0,0.0,270.0,3.6,PM10
TPHCM,Q1,98.0,78.0,16.0,1.0,19.0,43.0,49.0,98,25.0,1006.0,24.0,0.0,249.6,3.6,PM2.5
TPHCM,Q7,45.0,64.0,35.0,2.0,15.0,64.0,11.0,64,30.0,1008.0,25.0,0.0,220.0,7.6,CO
TPHCM,Q3,34.0,54.0,22.0,5.0,14.0,64.0,41.0,64,30.0,1008.0,25.0,0.0,180.0,7.6,CO
TPHCM,Q7,56.0,85.0,36.0,1.0,3.0,18.0,1.0,85,34.0,1003.0,24.0,0.1,270.0,9.4,PM10
TPHCM,Q3,46.0,36.0,10.0,3.0,6.0,22.0,35.0,46,32.2,1003.5,26.6,0.0,70.0,7.2,PM2.5
TPHCM,Q6,31.0,43.0,16.0,2.0,33.0,38.0,17.0,43,32.0,1003.0,26.0,3.3,160.0,11.2,PM10
TPHCM,Tân Phú,97.0,73.0,14.0,1.0,18.0,51.0,56.0,97,32.0,1003.0,27.0,0.3,180.0,13.0,PM2.5
TPHCM,Q7,44.0,64.0,35.0,2.0,15.0,62.0,12.0,64,27.0,1008.0,24.0,0.9,240.0,5.4,PM10
TPHCM,Q4,32.0,53.0,22.0,5.0,14.0,63.0,40.0,63,26.0,1007.0,24.0,0.9,69.0,3.6,CO
TPHCM,Q7,54.0,84.0,36.0,1.0,3.0,18.0,1.0,84,27.0,1006.0,25.0,0.0,109.3,3.6,PM10
TPHCM,Bình Thạnh,44.0,35.0,8.0,3.0,6.0,24.0,32.0,44,27.6,1007.4,24.2,0.0,9.1,0.0,PM2.5
TPHCM,Q7,27.0,41.0,16.0,2.0,33.0,38.0,16.0,41,30.0,1007.0,25.0,0.0,110.0,5.4,PM10
TPHCM,Q4,95.0,72.0,14.0,1.0,18.0,52.0,55.0,95,31.0,1008.0,25.0,0.0,170.0,5.4,PM2.5
TPHCM,Tân Phú,32.0,56.0,50.0,1.0,11.0,39.0,31.0,56,34.0,1006.0,24.0,0.7,162.8,9.4,PM10
TPHCM,Q8,42.0,61.0,36.0,2.0,17.0,44.0,16.0,61,34.0,1003.0,24.0,0.0,190.0,16.6,PM10
TPHCM,Q3,25.0,49.0,23.0,5.0,14.0,61.0,43.0,61,25.0,1004.0,25.0,0.0,250.0,11.2,CO
TPHCM,Tân Bình,38.0,62.0,22.0,2.0,4.0,49.0,28.0,62,27.7,1006.3,24.4,0.0,110.0,3.6,PM10
TPHCM,Q4,20.0,35.0,13.0,2.0,16.0,43.0,32.0,43,29.0,1007.0,26.0,0.0,170.0,9.4,CO
TPHCM,Tân Bình,35.0,75.0,34.0,1.0,3.0,20.0,1.0,75,29.0,1008.0,25.0,0.4,200.0,11.2,PM10
TPHCM,Tân Phú,27.0,22.0,4.0,2.0,6.0,17.0,32.0,32,28.2,1008.9,25.2,0.0,180.0,0.0,OZONE
TPHCM,Q11,19.0,41.0,20.0,2.0,34.0,39.0,14.0,41,29.0,1008.0,26.0,0.0,170.0,9.4,PM10
TPHCM,Q9,70.0,60.0,11.0,1.0,19.0,43.0,33.0,70,29.0,1009.0,26.0,0.6,200.0,7.6,PM2.5
TPHCM,Q10,31.0,55.0,49.0,1.0,11.0,38.0,39.0,55,27.0,1007.0,26.0,0.2,0.0,0.0,PM10
TPHCM,Q10,42.0,61.0,35.0,2.0,18.0,44.0,19.0,61,27.0,1008.0,26.0,0.3,0.0,0.0,PM10
TPHCM,Tân Phú,24.0,48.0,23.0,5.0,14.0,60.0,46.0,60,27.0,1008.0,26.0,0.0,122.9,3.6,CO
TPHCM,Q10,38.0,62.0,22.0,2.0,4.0,47.0,30.0,62,32.0,1010.0,24.7,0.0,90.0,7.2,PM10
TPHCM,Q3,20.0,36.0,13.0,2.0,15.0,43.0,36.0,43,33.0,1009.0,25.0,0.0,130.0,9.4,CO
TPHCM,Q6,34.0,72.0,34.0,1.0,3.0,21.0,1.0,72,35.0,1008.0,24.0,0.0,143.1,5.4,PM10
TPHCM,Phú Nhuận,26.0,21.0,4.0,2.0,6.0,17.0,36.0,36,34.1,1007.7,24.3,0.0,90.0,10.8,OZONE
TPHCM,Q4,19.0,41.0,20.0,2.0,33.0,37.0,16.0,41,34.0,1006.0,24.0,0.0,166.6,7.6,PM10
TPHCM,Bình Thạnh,70.0,60.0,11.0,1.0,20.0,46.0,35.0,70,34.0,1005.0,24.0,0.0,180.0,13.0,PM2.5
TPHCM,Q9,70.0,68.0,33.0,4.0,11.0,44.0,37.0,70,29.0,1006.0,25.0,0.0,260.0,5.4,PM2.5
TPHCM,Tân Bình,32.0,38.0,20.0,3.0,11.0,38.0,59.0,59,30.0,1008.1,25.1,0.0,180.0,10.8,OZONE
TPHCM,Q3,27.0,110.0,9.0,5.0,20.0,55.0,47.0,110,27.0,1008.0,25.0,0.0,10.0,11.2,PM10
TPHCM,Q3,75.0,77.0,30.0,4.0,11.0,50.0,46.0,77,27.0,1009.0,26.0,0.0,300.0,7.6,PM10
TPHCM,Q4,25.0,107.0,9.0,5.0,33.0,38.0,70.0,107,28.5,1010.6,24.6,0.0,270.0,3.6,PM10
TPHCM,Q5,70.0,76.0,31.0,4.0,11.0,45.0,57.0,76,27.0,1010.0,27.0,0.0,290.0,5.4,PM10
TPHCM,Tân Phú,22.0,103.0,9.0,5.0,37.0,18.0,64.0,103,27.0,1010.0,26.0,0.0,40.0,5.4,PM10
TPHCM,Tân Bình,64.0,74.0,34.0,3.0,12.0,62.0,40.0,74,27.6,1010.3,24.4,0.0,90.0,10.8,PM10
TPHCM,Tân Bình,9.0,102.0,9.0,5.0,38.0,19.0,54.0,102,27.0,1009.0,26.0,0.0,30.0,3.6,PM10
TPHCM,Q1,61.0,72.0,36.0,3.0,12.0,66.0,35.0,72,28.0,1009.0,26.0,0.0,139.7,3.6,PM10
TPHCM,Tân Phú,17.0,103.0,9.0,5.0,37.0,58.0,39.0,103,27.1,1009.5,24.4,0.0,20.0,0.0,PM10
TPHCM,Q4,56.0,62.0,36.0,3.0,12.0,43.0,39.0,62,27.0,1009.0,26.0,0.0,121.0,3.6,PM10
TPHCM,Phú Nhuận,19.0,103.0,9.0,5.0,36.0,54.0,48.0,103,28.0,1009.0,26.0,0.0,110.0,9.4,PM10
TPHCM,Q7,55.0,62.0,36.0,3.0,12.0,43.0,44.0,62,28.0,1009.9,26.1,0.0,90.0,7.2,PM10
TPHCM,Bình Thạnh,214.0,133.0,50.0,6.0,7.0,65.0,46.0,214,29.0,1010.0,26.0,0.0,100.0,13.0,PM2.5
TPHCM,Q5,155.0,111.0,25.0,9.0,12.0,81.0,35.0,155,31.6,1010.4,26.0,0.0,110.0,10.8,PM2.5
TPHCM,Q8,146.0,108.0,62.0,5.0,12.0,84.0,33.0,146,32.0,1009.0,26.0,0.0,90.0,11.2,PM2.5
TPHCM,Q2,86.0,82.0,48.0,3.0,6.0,80.0,24.0,86,33.0,1009.0,26.0,0.0,110.0,9.4,PM2.5
TPHCM,Q3,114.0,85.0,62.0,18.0,9.0,34.0,29.0,114,34.0,1008.9,26.1,0.0,160.0,10.8,PM2.5
TPHCM,Q1,62.0,98.0,20.0,7.0,19.0,39.0,31.0,98,34.0,1006.0,25.0,0.0,170.0,24.1,PM10
TPHCM,Q5,130.0,100.0,13.0,6.0,8.0,26.0,16.0,130,33.0,1007.1,24.5,0.0,110.0,14.4,PM2.5
TPHCM,Tân Bình,190.0,125.0,32.0,6.0,3.0,73.0,59.0,190,30.0,1009.0,26.0,0.0,140.0,9.4,PM2.5
TPHCM,Bình Tân,177.0,130.0,63.0,6.0,5.0,36.0,71.0,177,30.0,1010.0,26.0,0.0,150.0,7.6,PM2.5
TPHCM,Q1,91.0,77.0,22.0,9.0,7.0,48.0,26.0,91,28.0,1011.0,24.0,0.0,340.0,7.6,PM2.5
TPHCM,Phú Nhuận,111.0,86.0,69.0,4.0,9.0,26.0,39.0,111,27.0,1010.0,25.0,0.0,50.0,5.4,PM2.5
TPHCM,Tân Bình,153.0,130.0,58.0,4.0,7.0,49.0,44.0,153,29.0,1009.8,26.1,0.0,20.0,0.0,PM2.5
TPHCM,Tân Bình,147.0,111.0,58.0,16.0,7.0,20.0,52.0,147,27.0,1009.0,25.0,0.0,30.0,7.6,PM2.5
TPHCM,Phú Nhuận,83.0,117.0,22.0,7.0,18.0,26.0,34.0,117,26.0,1008.0,24.0,0.0,30.0,5.4,PM10
TPHCM,Phú Nhuận,137.0,106.0,19.0,5.0,8.0,20.0,18.0,137,27.5,1008.9,24.8,0.0,40.0,0.0,PM2.5
TPHCM,Bình Tân,164.0,117.0,41.0,3.0,56.0,55.0,81.0,164,28.5,1010.1,25.5,0.0,20.0,0.0,PM2.5
TPHCM,Tân Bình,148.0,99.0,32.0,5.0,4.0,41.0,72.0,148,30.0,1010.0,25.0,0.0,30.0,7.6,PM2.5
TPHCM,Q1,100.0,95.0,51.0,5.0,10.0,28.0,67.0,100,32.0,1011.0,26.0,0.0,70.0,11.2,PM2.5
TPHCM,Phú Nhuận,69.0,67.0,20.0,8.0,9.0,40.0,46.0,69,34.0,1010.0,23.0,0.0,130.0,16.6,PM2.5
TPHCM,Bình Thạnh,85.0,93.0,80.0,4.0,14.0,25.0,41.0,93,35.0,1009.0,23.0,0.0,90.0,11.2,PM10
TPHCM,Q4,175.0,168.0,68.0,4.0,7.0,42.0,39.0,175,33.1,1008.7,25.3,0.0,200.0,7.2,PM2.5
TPHCM,Tân Bình,265.0,215.0,80.0,15.0,25.0,39.0,43.0,265,34.0,1007.0,25.0,0.0,180.0,11.2,PM2.5
TPHCM,Q2,58.0,93.0,21.0,6.0,17.0,36.0,21.0,93,31.0,1007.6,24.4,0.0,160.0,7.2,PM10
TPHCM,Q2,80.0,89.0,20.0,4.0,13.0,15.0,15.0,89,29.0,1007.0,26.0,0.0,200.0,9.4,PM10
TPHCM,Q3,95.0,88.0,30.0,4.0,4.0,31.0,60.0,95,30.0,1010.0,26.0,0.0,110.0,7.6,PM2.5
TPHCM,Q11,100.0,95.0,51.0,4.0,12.0,33.0,75.0,100,29.5,1011.0,26.7,0.0,40.0,0.0,PM2.5
TPHCM,Phú Nhuận,66.0,65.0,20.0,8.0,8.0,29.0,52.0,66,28.0,1010.0,27.0,0.0,360.0,9.4,PM2.5
TPHCM,Tân Bình,82.0,91.0,78.0,4.0,14.0,23.0,42.0,91,28.5,1009.7,25.7,0.0,98.9,0.0,PM10
TPHCM,Q4,172.0,168.0,68.0,4.0,7.0,47.0,50.0,172,27.0,1009.0,26.0,0.0,40.0,3.6,PM2.5
TPHCM,Q5,265.0,219.0,86.0,16.0,25.0,34.0,51.0,265,27.0,1008.0,26.0,0.0,40.0,3.6,PM2.5
TPHCM,Phú Nhuận,58.0,96.0,22.0,6.0,18.0,26.0,26.0,96,26.0,1009.0,26.0,0.0,10.0,7.6,PM10
TPHCM,Q8,76.0,87.0,20.0,4.0,13.0,15.0,17.0,87,26.0,1009.0,25.0,0.0,30.0,7.6,PM10
TPHCM,Q4,94.0,91.0,29.0,4.0,6.0,31.0,80.0,94,33.0,1010.0,25.0,0.0,90.0,13.0,PM2.5
TPHCM,Q8,82.0,92.0,58.0,4.0,16.0,70.0,38.0,92,33.0,1009.0,25.0,0.0,100.0,11.2,PM10
TPHCM,Q9,61.0,61.0,21.0,8.0,8.0,31.0,36.0,61,35.0,1007.0,24.0,0.0,100.0,9.4,PM10
TPHCM,Q6,82.0,97.0,78.0,4.0,15.0,66.0,40.0,97,35.0,1006.0,25.0,0.0,170.0,18.4,PM10
TPHCM,Q5,164.0,155.0,67.0,3.0,7.0,78.0,26.0,164,33.0,1006.0,25.0,0.0,160.0,20.5,PM2.5
TPHCM,Q11,216.0,178.0,90.0,15.0,24.0,55.0,33.0,216,32.0,1006.0,26.0,0.0,160.0,18.4,PM2.5
TPHCM,Tân Bình,66.0,114.0,28.0,6.0,22.0,53.0,22.0,114,31.0,1007.0,26.0,0.0,160.0,16.6,PM10
TPHCM,Q2,70.0,87.0,22.0,4.0,21.0,21.0,14.0,87,30.0,1007.0,26.0,0.1,170.0,13.0,PM10
TPHCM,Q9,103.0,98.0,26.0,4.0,7.0,76.0,47.0,103,30.0,1009.0,26.0,0.0,110.0,9.4,PM2.5
TPHCM,Q9,80.0,92.0,60.0,4.0,16.0,76.0,29.0,92,30.0,1009.0,26.0,0.0,140.0,5.4,PM10
TPHCM,Q6,59.0,60.0,22.0,8.0,8.0,31.0,36.0,60,29.0,1009.0,27.0,0.0,350.0,7.6,PM10
TPHCM,Bình Tân,85.0,100.0,79.0,4.0,16.0,72.0,40.0,100,27.0,1009.0,27.0,0.1,20.0,5.4,PM10
TPHCM,Q1,149.0,143.0,68.0,3.0,7.0,82.0,20.0,149,27.0,1008.0,27.0,0.5,40.0,3.6,PM2.5
TPHCM,Bình Thạnh,215.0,177.0,91.0,15.0,24.0,64.0,28.0,215,27.0,1009.0,26.0,0.3,50.0,5.4,PM2.5
TPHCM,Q3,70.0,119.0,29.0,6.0,22.0,60.0,21.0,119,28.0,1010.0,26.0,0.0,30.0,7.6,PM10
TPHCM,Bình Thạnh,64.0,85.0,21.0,4.0,23.0,22.0,13.0,85,29.0,1010.0,26.0,0.0,30.0,9.4,PM10
TPHCM,Q5,237.0,238.0,80.0,3.0,70.0,49.0,20.0,238,31.0,1010.0,25.0,0.0,180.0,20.5,PM10
TPHCM,Q2,103.0,99.0,26.0,4.0,7.0,86.0,38.0,103,33.0,1009.0,25.0,0.0,130.0,11.2,PM2.5
TPHCM,Bình Tân,106.0,112.0,68.0,4.0,25.0,40.0,59.0,112,33.0,1009.0,25.0,0.0,120.0,16.6,PM10
TPHCM,Q6,54.0,67.0,22.0,8.0,6.0,24.0,76.0,76,33.0,1007.0,25.0,0.0,120.0,22.3,OZONE
TPHCM,Q11,90.0,107.0,80.0,5.0,13.0,28.0,42.0,107,32.0,1006.0,25.0,0.0,120.0,20.5,PM10
TPHCM,Bình Thạnh,133.0,144.0,69.0,3.0,12.0,32.0,34.0,144,31.0,1006.0,25.0,0.0,90.0,18.4,PM10
TPHCM,Q4,122.0,121.0,90.0,15.0,11.0,25.0,46.0,122,30.0,1006.0,25.0,0.0,120.0,16.6,PM2.5
TPHCM,Q9,98.0,151.0,38.0,7.0,21.0,44.0,23.0,151,29.0,1008.0,26.0,0.0,80.0,7.6,PM10
TPHCM,Q6,67.0,95.0,23.0,4.0,40.0,24.0,19.0,95,29.0,1009.0,26.0,0.1,90.0,14.8,PM10
TPHCM,Bình Tân,139.0,124.0,26.0,4.0,8.0,65.0,42.0,139,29.0,1009.0,24.0,0.0,130.0,9.4,PM2.5
TPHCM,Q1,107.0,112.0,67.0,4.0,26.0,41.0,64.0,112,29.0,1008.0,24.0,0.0,150.0,5.4,PM10
TPHCM,Q6,56.0,70.0,22.0,8.0,6.0,25.0,79.0,79,28.0,1008.0,25.0,0.0,140.0,5.4,OZONE
TPHCM,Phú Nhuận,92.0,109.0,80.0,5.0,13.0,29.0,42.0,109,28.0,1008.0,25.0,0.0,140.0,9.4,PM10
TPHCM,Q5,134.0,144.0,68.0,3.0,12.0,32.0,41.0,144,28.0,1009.0,25.0,0.0,80.0,9.4,PM10
TPHCM,Q4,121.0,121.0,89.0,15.0,11.0,26.0,50.0,121,28.0,1010.0,25.0,0.0,70.0,13.0,PM10
TPHCM,Bình Thạnh,98.0,153.0,38.0,7.0,21.0,48.0,23.0,153,31.0,1010.0,24.0,0.0,90.0,11.2,PM10
TPHCM,Q3,69.0,96.0,23.0,4.0,40.0,23.0,20.0,96,33.0,1010.0,23.0,0.0,80.0,13.0,PM10
TPHCM,Q7,141.0,125.0,26.0,4.0,8.0,62.0,51.0,141,33.4,1006.0,22.2,0.2,149.1,13.0,PM2.5
TPHCM,Q10,100.0,98.0,19.0,3.0,8.0,37.0,38.0,100,33.2,1006.0,22.6,0.0,166.5,13.0,PM2.5
TPHCM,Q4,136.0,73.0,11.0,6.0,4.0,28.0,14.0,136,32.9,1006.0,22.6,0.1,162.8,15.5,PM2.5
TPHCM,Bình Tân,146.0,188.0,27.0,8.0,3.0,60.0,14.0,188,30.9,1006.0,23.0,0.0,151.1,17.3,PM10
TPHCM,Q4,169.0,107.0,1.0,3.0,11.0,33.0,15.0,169,29.4,1008.0,24.0,0.0,134.5,15.1,PM2.5
TPHCM,Bình Tân,250.0,173.0,64.0,8.0,9.0,59.0,26.0,250,29.3,1009.0,24.0,0.0,129.3,14.8,PM2.5
TPHCM,Q10,216.0,133.0,57.0,2.0,13.0,33.0,144.0,216,29.0,1009.0,24.0,0.0,129.5,13.3,PM2.5
TPHCM,Q11,241.0,168.0,69.0,5.0,6.0,26.0,104.0,241,28.8,1009.0,24.1,0.0,131.3,12.2,PM2.5
TPHCM,Phú Nhuận,213.0,124.0,22.0,3.0,8.0,45.0,83.0,213,26.0,1013.0,24.0,0.0,120.0,9.4,PM2.5
TPHCM,Q9,186.0,163.0,103.0,5.0,14.0,35.0,73.0,186,26.1,1012.2,24.7,0.0,136.0,5.4,PM2.5
TPHCM,Q11,228.0,137.0,33.0,4.0,7.0,47.0,77.0,228,25.0,1012.0,24.0,0.0,70.0,5.4,PM2.5
TPHCM,Phú Nhuận,244.0,151.0,56.0,2.0,6.0,47.0,73.0,244,25.0,1011.0,25.0,0.0,100.0,7.6,PM2.5
TPHCM,Tân Phú,240.0,131.0,62.0,3.0,8.0,33.0,103.0,240,25.4,1012.0,24.4,0.0,80.0,1.2,PM2.5
TPHCM,Q10,87.0,78.0,6.0,1.0,3.0,38.0,50.0,87,23.0,1014.0,21.0,0.0,10.0,27.7,PM2.5
TPHCM,Q5,240.0,139.0,54.0,3.0,20.0,56.0,103.0,240,22.0,1016.0,21.0,0.0,290.0,7.6,PM2.5
TPHCM,Phú Nhuận,74.0,90.0,18.0,3.0,2.0,21.0,56.0,90,27.0,1014.1,22.4,0.457,328.0,8.1,PM10
TPHCM,Bình Tân,105.0,82.0,19.0,8.0,4.0,8.0,17.0,105,29.0,1013.0,22.0,0.0,280.0,13.0,PM2.5
TPHCM,Q6,166.0,194.0,27.0,12.0,4.0,54.0,8.0,194,29.0,1011.3,21.7,0.0,324.0,9.8,PM10
TPHCM,Bình Thạnh,146.0,120.0,2.0,3.0,12.0,34.0,16.0,146,27.0,1012.0,22.0,0.0,290.0,13.0,PM2.5
TPHCM,Q2,232.0,166.0,56.0,9.0,10.0,42.0,29.0,232,26.8,1012.3,22.7,34.549,323.0,4.9,PM2.5
TPHCM,Q6,214.0,139.0,60.0,2.0,11.0,34.0,160.0,214,27.0,1013.0,23.0,0.0,230.0,5.4,PM2.5
TPHCM,Q10,232.0,166.0,71.0,5.0,7.0,20.0,93.0,232,26.0,1013.0,22.0,0.0,210.0,7.6,PM2.5
TPHCM,Tân Phú,198.0,128.0,23.0,4.0,9.0,43.0,60.0,198,25.7,1014.1,23.1,0.0,260.0,1.9,PM2.5
TPHCM,Q2,180.0,169.0,95.0,4.0,16.0,20.0,83.0,180,26.0,1014.0,23.0,0.0,220.0,5.4,PM2.5
TPHCM,Bình Thạnh,228.0,157.0,66.0,2.0,6.0,39.0,60.0,228,24.7,1012.1,23.0,0.0,310.0,1.2,PM2.5
TPHCM,Bình Tân,215.0,134.0,63.0,3.0,13.0,21.0,97.0,215,24.0,1011.0,22.0,0.0,330.0,3.6,PM2.5
TPHCM,Q1,100.0,86.0,9.0,1.0,10.0,35.0,66.0,100,23.1,1011.1,22.1,0.0,281.4,1.2,PM2.5
TPHCM,Q6,234.0,142.0,59.0,3.0,20.0,40.0,74.0,234,23.0,1012.0,22.0,0.0,284.0,3.6,PM2.5
TPHCM,Q9,63.0,89.0,19.0,3.0,5.0,36.0,47.0,89,29.8,1012.3,23.1,0.0,20.0,1.9,PM10
TPHCM,Q8,50.0,47.0,10.0,6.0,4.0,14.0,16.0,50,31.0,1012.0,22.0,0.0,135.5,3.6,PM2.5
TPHCM,Tân Phú,94.0,160.0,22.0,10.0,6.0,51.0,25.0,160,32.0,1010.0,21.4,0.0,244.0,7.7,PM10
TPHCM,Q6,152.0,138.0,47.0,7.0,13.0,44.0,21.0,152,32.7,1007.4,21.4,0.0,142.0,9.8,PM2.5
TPHCM,Q7,136.0,111.0,50.0,3.0,15.0,32.0,65.0,136,32.0,1007.0,22.0,0.0,110.0,13.0,PM2.5
TPHCM,Bình Tân,144.0,147.0,66.0,5.0,11.0,20.0,73.0,147,31.0,1007.0,23.0,0.0,110.0,14.8,PM10
TPHCM,Q8,125.0,112.0,22.0,5.0,10.0,45.0,52.0,125,29.4,1007.4,24.3,0.0,149.0,16.6,PM2.5
TPHCM,Q10,130.0,151.0,86.0,5.0,14.0,27.0,50.0,151,28.0,1008.0,24.0,0.0,150.0,16.6,PM10
TPHCM,Q4,144.0,135.0,56.0,2.0,7.0,49.0,28.0,144,26.8,1009.3,23.4,0.0,125.0,9.8,PM2.5
TPHCM,Phú Nhuận,115.0,110.0,52.0,4.0,10.0,17.0,75.0,115,26.0,1009.0,23.0,0.0,120.0,14.8,PM2.5
TPHCM,Bình Thạnh,73.0,78.0,7.0,1.0,8.0,44.0,57.0,78,25.8,1008.2,23.7,0.0,110.0,8.4,PM10
TPHCM,Q7,148.0,130.0,56.0,2.0,32.0,49.0,43.0,148,25.0,1008.0,24.0,0.0,100.0,11.2,PM2.5
TPHCM,Tân Bình,62.0,89.0,18.0,3.0,5.0,35.0,53.0,89,25.8,1009.0,24.4,0.0,122.0,6.4,PM10
TPHCM,Q6,50.0,49.0,11.0,6.0,4.0,17.0,16.0,50,27.0,1009.0,24.0,0.0,140.0,9.4,PM2.5
TPHCM,Bình Thạnh,94.0,161.0,24.0,12.0,5.0,56.0,28.0,161,29.4,1009.8,24.9,0.0,194.0,5.0,PM10
TPHCM,Q2,157.0,142.0,52.0,7.0,13.0,45.0,23.0,157,31.7,1007.2,25.2,0.0,91.0,9.2,PM2.5
TPHCM,Q1,143.0,113.0,50.0,3.0,15.0,28.0,88.0,143,33.0,1006.0,25.0,0.0,120.0,9.4,PM2.5
TPHCM,Tân Bình,148.0,159.0,74.0,5.0,12.0,21.0,94.0,159,32.0,1005.0,25.0,0.0,160.0,11.2,PM10
TPHCM,Q8,128.0,115.0,23.0,5.0,10.0,43.0,79.0,128,32.3,1005.1,25.3,0.0,133.0,14.1,PM2.5
TPHCM,Q1,134.0,153.0,87.0,6.0,12.0,25.0,80.0,153,32.0,1004.0,25.0,0.0,130.0,25.9,PM10
TPHCM,Q4,146.0,138.0,57.0,2.0,7.0,45.0,38.0,146,28.7,1005.2,24.4,0.0,136.0,13.3,PM2.5
TPHCM,Q10,117.0,108.0,53.0,4.0,10.0,19.0,92.0,117,28.0,1006.0,24.0,0.0,130.0,18.4,PM2.5
TPHCM,Q4,73.0,80.0,8.0,1.0,8.0,43.0,53.0,80,27.1,1007.3,25.4,0.0,126.0,8.5,PM10
TPHCM,Q2,150.0,133.0,55.0,2.0,31.0,42.0,68.0,150,27.0,1007.0,25.0,0.0,110.0,18.4,PM2.5
TPHCM,Q9,73.0,94.0,18.0,3.0,6.0,55.0,27.0,94,26.8,1005.7,25.2,0.0,126.0,6.2,PM10
TPHCM,Q8,92.0,174.0,26.0,13.0,6.0,98.0,16.0,174,27.0,1006.5,25.4,0.0,117.0,11.2,PM10
TPHCM,Q9,164.0,143.0,59.0,7.0,13.0,63.0,16.0,164,29.8,1007.3,25.6,0.0,110.0,5.6,PM2.5
TPHCM,Q10,147.0,114.0,48.0,3.0,15.0,31.0,110.0,147,32.0,1007.0,26.0,0.0,100.0,13.0,PM2.5
TPHCM,Q4,150.0,149.0,77.0,5.0,11.0,37.0,83.0,150,33.0,1006.0,26.0,0.0,130.0,9.4,PM2.5
TPHCM,Tân Bình,134.0,120.0,24.0,5.0,10.0,50.0,83.0,134,32.7,1004.5,26.0,0.0,124.0,9.6,PM2.5
TPHCM,Q3,142.0,161.0,88.0,7.0,10.0,47.0,70.0,161,33.0,1004.0,25.0,0.0,150.0,11.2,PM10
TPHCM,Phú Nhuận,142.0,137.0,58.0,2.0,7.0,49.0,35.0,142,28.5,1002.7,23.6,0.0,198.0,12.6,PM2.5
TPHCM,Tân Bình,123.0,109.0,55.0,4.0,11.0,32.0,88.0,123,30.0,1003.0,24.0,0.0,140.0,18.4,PM2.5
TPHCM,Q10,76.0,89.0,10.0,1.0,8.0,76.0,48.0,89,27.8,1003.4,23.8,1.826,140.0,12.0,PM10
TPHCM,Bình Tân,160.0,139.0,73.0,3.0,26.0,58.0,53.0,160,27.0,1005.0,24.0,0.0,120.0,14.8,PM2.5
TPHCM,Q5,77.0,96.0,17.0,3.0,6.0,63.0,27.0,96,26.8,1005.2,25.4,0.0,97.0,10.3,PM10
TPHCM,Q4,93.0,176.0,26.0,13.0,6.0,105.0,12.0,176,26.1,1004.9,25.4,0.0,86.0,5.5,PM10
TPHCM,Bình Tân,166.0,146.0,59.0,7.0,13.0,71.0,11.0,166,27.1,1005.9,25.9,0.0,130.0,7.7,PM2.5
TPHCM,Q7,145.0,113.0,47.0,3.0,15.0,30.0,99.0,145,28.0,1006.0,26.0,0.0,140.0,9.4,PM2.5
TPHCM,Q8,151.0,149.0,78.0,5.0,11.0,47.0,68.0,151,30.0,1007.0,26.0,0.0,110.0,5.4,PM2.5
TPHCM,Q9,135.0,119.0,24.0,5.0,10.0,57.0,74.0,135,31.4,1006.3,26.2,0.0,52.0,6.5,PM2.5
TPHCM,Q5,137.0,156.0,90.0,8.0,10.0,57.0,62.0,156,32.0,1006.0,25.0,0.0,70.0,9.4,PM10
TPHCM,Q11,140.0,136.0,58.0,2.0,7.0,55.0,28.0,140,34.0,1004.0,25.9,0.0,107.0,10.7,PM2.5
TPHCM,Phú Nhuận,124.0,108.0,56.0,4.0,11.0,38.0,76.0,124,35.0,1003.0,26.0,0.0,100.0,14.8,PM2.5
TPHCM,Bình Tân,80.0,92.0,11.0,1.0,8.0,85.0,46.0,92,34.4,1001.9,26.5,0.0,52.0,21.7,PM10
TPHCM,Q6,155.0,132.0,73.0,3.0,25.0,65.0,45.0,155,32.0,1002.0,26.0,0.0,130.0,24.1,PM2.5
TPHCM,Tân Phú,90.0,104.0,16.0,3.0,11.0,45.0,52.0,104,27.3,1006.0,24.0,0.0,140.0,5.7,PM10
TPHCM,Q1,107.0,75.0,15.0,7.0,4.0,24.0,14.0,107,26.0,1006.0,25.0,0.0,160.0,5.4,PM2.5
TPHCM,Q1,109.0,189.0,19.0,14.0,7.0,67.0,15.0,189,27.3,1004.9,26.0,0.0,88.0,6.7,PM10
TPHCM,Phú Nhuận,119.0,90.0,6.0,3.0,11.0,33.0,11.0,119,26.0,1004.0,25.0,0.0,60.0,14.8,PM2.5
TPHCM,Q3,210.0,173.0,58.0,7.0,12.0,72.0,12.0,210,27.1,1005.1,25.9,0.0,79.0,7.2,PM2.5
TPHCM,Q11,220.0,146.0,56.0,3.0,22.0,33.0,21.0,220,26.0,1005.0,25.0,0.0,50.0,9.4,PM2.5
TPHCM,Tân Phú,206.0,182.0,101.0,7.0,8.0,42.0,36.0,206,27.0,1006.0,26.0,0.0,60.0,7.6,PM2.5
TPHCM,Bình Thạnh,154.0,124.0,32.0,5.0,10.0,53.0,44.0,154,27.7,1007.0,26.2,0.007,119.0,7.7,PM2.5
TPHCM,Q10,184.0,200.0,109.0,11.0,8.0,49.0,27.0,200,28.0,1008.0,26.0,0.0,120.0,13.0,PM10
TPHCM,Phú Nhuận,220.0,174.0,59.0,2.0,8.0,80.0,13.0,220,30.8,1007.4,26.9,0.0,145.0,10.8,PM2.5
TPHCM,Q4,220.0,139.0,40.0,4.0,13.0,62.0,14.0,220,31.0,1007.0,26.0,0.0,140.0,13.0,PM2.5
TPHCM,Q1,109.0,108.0,13.0,1.0,6.0,53.0,49.0,109,32.7,1005.0,25.9,0.0,135.0,9.2,PM2.5
TPHCM,Bình Tân,198.0,153.0,83.0,3.0,16.0,56.0,30.0,198,33.0,1003.0,26.0,0.0,120.0,18.4,PM2.5
TPHCM,Tân Bình,89.0,104.0,16.0,3.0,12.0,41.0,54.0,104,29.0,1004.0,26.0,0.0,130.0,20.5,PM10
TPHCM,Q6,107.0,75.0,15.0,7.0,4.0,24.0,15.0,107,29.0,1005.0,26.0,0.0,130.0,20.5,PM2.5
TPHCM,Q10,110.0,192.0,18.0,14.0,11.0,68.0,14.0,192,28.0,1006.0,26.0,0.0,120.0,14.8,PM10
TPHCM,Q11,122.0,92.0,7.0,3.0,11.0,33.0,14.0,122,28.1,1005.2,26.5,0.0,132.0,10.9,PM2.5
TPHCM,Q11,213.0,174.0,58.0,7.0,12.0,70.0,16.0,213,28.0,1005.0,26.0,0.5,110.0,18.4,PM2.5
TPHCM,Q11,223.0,147.0,56.0,3.0,23.0,32.0,23.0,223,28.0,1004.0,26.0,0.1,100.0,13.0,PM2.5
TPHCM,Q1,203.0,184.0,104.0,7.0,8.0,41.0,41.0,203,27.8,1004.1,26.4,0.0,125.0,9.1,PM2.5
TPHCM,Q5,155.0,122.0,34.0,5.0,10.0,56.0,49.0,155,27.0,1004.0,26.0,0.0,90.0,11.2,PM2.5
TPHCM,Q8,187.0,201.0,113.0,12.0,8.0,45.0,39.0,201,27.0,1005.0,26.0,0.0,90.0,13.0,PM10
TPHCM,Bình Thạnh,224.0,176.0,57.0,2.0,8.0,77.0,18.0,224,29.0,1005.0,26.0,0.1,110.0,14.8,PM2.5
TPHCM,Q8,225.0,139.0,40.0,4.0,13.0,59.0,20.0,225,30.0,1005.0,26.0,0.2,130.0,18.4,PM2.5
TPHCM,Tân Bình,110.0,108.0,13.0,1.0,5.0,49.0,47.0,110,31.0,1005.0,26.0,0.1,120.0,11.2,PM2.5
TPHCM,Tân Bình,200.0,154.0,84.0,3.0,16.0,53.0,38.0,200,32.4,1003.0,26.8,0.0,95.0,9.0,PM2.5
TPHCM,Bình Tân,58.0,49.0,17.0,11.0,4.0,68.0,21.0,68,31.0,1000.0,27.0,0.0,130.0,22.3,CO
TPHCM,Tân Bình,144.0,114.0,15.0,19.0,4.0,72.0,56.0,144,30.0,1002.0,26.0,0.0,120.0,20.5,PM2.5
TPHCM,Q6,159.0,140.0,28.0,1.0,28.0,71.0,19.0,159,29.0,1003.0,26.0,0.0,110.0,18.4,PM2.5
TPHCM,Q3,108.0,101.0,17.0,18.0,4.0,71.0,43.0,108,28.4,1004.1,26.4,0.0,110.0,11.4,PM2.5
TPHCM,Q2,248.0,204.0,29.0,1.0,27.0,79.0,26.0,248,28.0,1004.0,26.0,0.0,110.0,14.8,PM2.5
TPHCM,Q1,105.0,98.0,17.0,18.0,4.0,72.0,59.0,105,28.0,1004.0,26.0,0.0,110.0,14.8,PM2.5
TPHCM,Bình Thạnh,248.0,206.0,29.0,1.0,27.0,61.0,34.0,248,28.4,1003.0,26.5,0.0,130.0,12.6,PM2.5
TPHCM,Q8,95.0,99.0,17.0,19.0,4.0,72.0,35.0,99,29.0,1002.0,26.0,0.0,120.0,14.8,PM10
TPHCM,Q4,265.0,222.0,29.0,1.0,27.0,84.0,16.0,265,28.0,1002.0,27.0,0.0,110.0,13.0,PM2.5
TPHCM,Phú Nhuận,95.0,99.0,18.0,20.0,4.0,72.0,27.0,99,28.7,1002.3,26.4,0.0,137.0,10.4,PM10
TPHCM,Q6,271.0,229.0,29.0,1.0,27.0,90.0,10.0,271,28.0,1002.0,26.0,0.0,120.0,16.6,PM2.5
TPHCM,Q7,112.0,114.0,24.0,20.0,5.0,73.0,26.0,114,28.0,1003.0,26.0,0.0,120.0,14.8,PM10
TPHCM,Q11,349.0,294.0,29.0,1.0,31.0,130.0,18.0,349,28.7,1003.9,27.1,0.0,129.0,11.9,PM2.5
TPHCM,Q7,113.0,115.0,24.0,19.0,6.0,74.0,34.0,115,29.0,1004.0,27.0,0.0,110.0,16.6,PM10
TPHCM,Q9,364.0,306.0,29.0,1.0,32.0,131.0,25.0,364,31.0,1005.0,27.0,0.0,110.0,14.8,PM2.5
TPHCM,Q10,159.0,102.0,13.0,3.0,14.0,40.0,17.0,159,31.5,1004.9,26.9,0.0,111.0,9.3,PM2.5
TPHCM,Q3,151.0,119.0,18.0,4.0,9.0,50.0,34.0,151,33.0,1003.0,27.0,0.0,100.0,13.0,PM2.5
TPHCM,Q9,94.0,124.0,30.0,3.0,14.0,14.0,20.0,124,34.7,1002.0,27.1,0.0,95.0,8.6,PM10
TPHCM,Q4,271.0,158.0,12.0,3.0,34.0,39.0,15.0,271,36.0,1000.0,28.0,0.0,110.0,14.8,PM2.5
TPHCM,Q8,164.0,130.0,22.0,9.0,19.0,52.0,13.0,164,35.4,999.4,27.4,0.0,123.0,14.1,PM2.5
TPHCM,Q4,128.0,97.0,12.0,3.0,13.0,9.0,26.0,128,33.0,1000.0,28.0,0.0,130.0,22.3,PM2.5
TPHCM,Q11,125.0,109.0,22.0,4.0,7.0,39.0,33.0,125,31.0,1002.0,27.0,0.0,110.0,18.4,PM2.5
TPHCM,Bình Thạnh,74.0,93.0,24.0,3.0,6.0,17.0,28.0,93,29.4,1002.9,26.9,0.0,131.0,12.7,PM10
TPHCM,Tân Bình,315.0,209.0,12.0,3.0,44.0,37.0,24.0,315,29.0,1003.0,26.0,0.0,90.0,13.0,PM2.5
TPHCM,Tân Bình,117.0,113.0,18.0,8.0,16.0,53.0,8.0,117,28.0,1002.0,26.0,0.0,100.0,13.0,PM2.5
TPHCM,Q1,67.0,61.0,13.0,3.0,9.0,34.0,31.0,67,28.0,1002.0,26.0,0.0,60.0,11.2,PM2.5
TPHCM,Bình Thạnh,97.0,92.0,18.0,5.0,7.0,42.0,15.0,97,28.1,1002.1,26.4,0.0,70.0,4.5,PM2.5
TPHCM,Tân Phú,53.0,63.0,24.0,3.0,6.0,18.0,13.0,63,28.0,1004.0,26.0,0.0,90.0,9.4,PM10
TPHCM,Phú Nhuận,171.0,113.0,12.0,3.0,30.0,40.0,7.0,171,29.0,1005.2,26.2,0.0,70.0,3.2,PM2.5
TPHCM,Q8,67.0,81.0,18.0,7.0,20.0,46.0,7.0,81,31.0,1006.0,26.0,0.0,80.0,14.8,PM10
TPHCM,Bình Tân,63.0,56.0,13.0,3.0,9.0,30.0,37.0,63,32.3,1007.1,27.1,0.0,59.0,10.9,PM2.5
TPHCM,Bình Tân,106.0,96.0,18.0,5.0,8.0,42.0,18.0,106,34.0,1006.0,27.0,0.0,70.0,14.8,PM2.5
TPHCM,Tân Bình,52.0,60.0,26.0,3.0,6.0,20.0,15.0,60,35.0,1004.0,25.0,0.0,50.0,16.6,PM10
TPHCM,Q10,67.0,80.0,19.0,7.0,20.0,44.0,8.0,80,33.3,1003.5,24.6,0.0,6.0,8.5,PM10
TPHCM,Q3,56.0,48.0,13.0,3.0,8.0,23.0,50.0,56,32.0,1004.0,25.0,0.0,80.0,11.2,PM2.5
TPHCM,Q6,106.0,96.0,18.0,5.0,8.0,42.0,13.0,106,30.0,1006.0,26.0,0.0,130.0,16.6,PM2.5
TPHCM,Q2,48.0,53.0,30.0,3.0,5.0,22.0,15.0,53,29.1,1008.6,26.2,0.0,135.0,9.2,PM10
TPHCM,Q6,64.0,72.0,18.0,7.0,20.0,44.0,7.0,72,29.0,1009.0,25.0,0.0,140.0,9.4,PM10
TPHCM,Q3,55.0,47.0,13.0,3.0,9.0,23.0,88.0,88,27.0,1008.0,24.0,0.0,150.0,11.2,OZONE
TPHCM,Q2,107.0,97.0,18.0,5.0,8.0,43.0,12.0,107,26.1,1007.3,23.9,0.0,164.0,5.6,PM2.5
TPHCM,Q2,49.0,53.0,30.0,3.0,5.0,22.0,14.0,53,27.0,1008.0,24.0,0.0,50.0,7.6,PM10
TPHCM,Tân Bình,62.0,69.0,18.0,7.0,20.0,44.0,7.0,69,28.0,1009.0,24.0,0.0,18.5,3.6,PM10
TPHCM,Q1,60.0,46.0,12.0,3.0,8.0,36.0,4.0,60,29.0,1009.1,24.1,0.0,75.0,7.3,PM2.5
TPHCM,Q7,114.0,101.0,23.0,5.0,10.0,44.0,11.0,114,29.0,1009.0,24.0,0.0,70.0,9.4,PM2.5
TPHCM,Phú Nhuận,60.0,62.0,40.0,3.0,4.0,22.0,13.0,62,30.0,1007.0,24.0,0.0,80.0,5.4,PM10
TPHCM,Q9,47.0,46.0,17.0,7.0,16.0,51.0,6.0,51,28.8,1006.1,24.6,0.0,2.0,3.4,CO
TPHCM,Q10,61.0,47.0,12.0,3.0,9.0,35.0,4.0,61,28.0,1007.0,24.0,0.0,20.0,13.0,PM2.5
TPHCM,Bình Thạnh,117.0,102.0,24.0,5.0,10.0,41.0,12.0,117,26.0,1009.0,24.0,0.0,40.0,20.5,PM2.5
TPHCM,Tân Phú,60.0,62.0,40.0,3.0,4.0,22.0,13.0,62,23.5,1011.4,22.4,0.0,57.0,14.4,PM10
TPHCM,Q8,45.0,44.0,17.0,7.0,16.0,51.0,7.0,51,23.0,1012.0,21.0,0.0,30.0,11.2,CO
TPHCM,Q10,107.0,98.0,44.0,10.0,10.0,64.0,49.0,107,21.0,1012.0,20.0,0.0,10.0,5.4,PM2.5
TPHCM,Q11,76.0,95.0,18.0,3.0,21.0,29.0,46.0,95,22.0,1012.0,20.0,0.0,350.0,9.4,PM10
TPHCM,Q4,317.0,279.0,40.0,12.0,31.0,59.0,50.0,317,22.0,1012.2,20.4,0.0,3.0,8.5,PM2.5
TPHCM,Q7,61.0,92.0,48.0,7.0,13.0,29.0,61.0,92,22.0,1012.0,19.0,0.0,10.0,9.4,PM10
TPHCM,Q4,87.0,100.0,51.0,12.0,17.0,57.0,42.0,100,22.1,1014.0,19.8,0.168,17.0,3.2,PM10
TPHCM,Q9,129.0,119.0,39.0,7.0,10.0,41.0,50.0,129,23.0,1015.0,20.0,0.0,300.0,9.4,PM2.5
TPHCM,Q2,161.0,122.0,27.0,6.0,10.0,30.0,71.0,161,22.4,1013.9,18.3,0.0,352.0,10.8,PM2.5
TPHCM,Tân Phú,115.0,110.0,32.0,10.0,8.0,91.0,25.0,115,25.0,1013.0,17.0,0.0,340.0,18.4,PM2.5
TPHCM,Q11,161.0,119.0,34.0,11.0,11.0,47.0,82.0,161,25.0,1013.0,16.0,0.0,340.0,14.8,PM2.5
TPHCM,Q4,74.0,92.0,21.0,2.0,21.0,21.0,82.0,92,24.8,1012.8,17.7,0.12,352.0,8.5,PM10
TPHCM,Q9,287.0,223.0,51.0,8.0,48.0,39.0,60.0,287,26.0,1012.0,18.0,0.0,348.9,7.6,PM2.5
TPHCM,Q2,83.0,119.0,61.0,10.0,8.0,20.0,73.0,119,27.0,1011.0,17.0,0.0,351.5,3.6,PM10
TPHCM,Q7,186.0,146.0,68.0,25.0,30.0,65.0,50.0,186,26.0,1010.0,17.0,0.0,90.0,5.4,PM2.5
TPHCM,Phú Nhuận,137.0,131.0,34.0,7.0,10.0,30.0,54.0,137,24.7,1010.3,18.0,49.09,70.0,1.8,PM2.5
TPHCM,Q7,124.0,109.0,26.0,5.0,8.0,34.0,92.0,124,24.0,1011.0,19.0,0.0,80.0,9.4,PM2.5
TPHCM,Q6,118.0,119.0,36.0,11.0,9.0,47.0,47.0,119,24.0,1012.0,18.0,0.0,70.0,5.4,PM10
TPHCM,Bình Tân,74.0,78.0,39.0,10.0,9.0,39.0,56.0,78,23.0,1012.9,18.1,0.0,70.0,1.9,PM10
TPHCM,Tân Phú,61.0,83.0,19.0,4.0,19.0,23.0,40.0,83,22.0,1013.0,17.0,0.0,70.0,5.4,PM10
TPHCM,Q4,271.0,204.0,45.0,9.0,36.0,59.0,33.0,271,22.0,1013.0,19.0,0.0,340.0,5.4,PM2.5
TPHCM,Q6,70.0,102.0,52.0,8.0,11.0,27.0,56.0,102,20.8,1012.2,17.9,0.0,320.0,1.2,PM10
TPHCM,Q2,147.0,144.0,67.0,6.0,12.0,25.0,38.0,147,21.0,1012.0,18.0,0.0,330.0,3.6,PM2.5
TPHCM,Q11,118.0,120.0,69.0,22.0,18.0,31.0,40.0,120,21.0,1011.0,18.0,0.0,337.2,1.8,PM10
TPHCM,Q3,95.0,104.0,36.0,6.0,10.0,24.0,35.0,104,19.0,1011.0,17.0,0.0,345.4,1.8,PM10
TPHCM,Q1,130.0,96.0,29.0,5.0,10.0,33.0,56.0,130,20.0,1011.0,17.0,0.0,342.5,3.6,PM2.5
TPHCM,Q4,112.0,118.0,38.0,11.0,8.0,54.0,27.0,118,22.3,1012.1,18.8,0.0,3.0,6.4,PM10
TPHCM,Q9,73.0,77.0,44.0,10.0,9.0,33.0,65.0,77,24.0,1012.0,17.0,0.0,60.0,5.4,PM10
TPHCM,Tân Phú,59.0,82.0,20.0,5.0,21.0,21.0,58.0,82,25.0,1013.0,15.0,0.0,10.0,7.6,PM10
TPHCM,Q3,275.0,206.0,41.0,10.0,37.0,48.0,45.0,275,27.0,1012.8,15.9,0.0,48.0,8.8,PM2.5
TPHCM,Q4,70.0,104.0,53.0,8.0,14.0,26.0,58.0,104,27.0,1012.0,15.0,0.0,290.0,5.4,PM10
TPHCM,Q3,144.0,141.0,68.0,6.0,13.0,22.0,46.0,144,29.0,1011.0,15.0,0.0,140.0,7.6,PM2.5
TPHCM,Q2,115.0,119.0,72.0,23.0,17.0,59.0,40.0,119,29.8,1010.1,14.0,0.0,356.0,5.1,PM10
TPHCM,Q11,91.0,99.0,36.0,6.0,10.0,21.0,58.0,99,31.0,1008.0,14.0,0.0,120.0,5.4,PM10
TPHCM,Bình Tân,126.0,93.0,29.0,5.0,10.0,28.0,82.0,126,30.1,1008.0,15.6,0.0,179.0,8.6,PM2.5
TPHCM,Q10,111.0,116.0,39.0,12.0,8.0,71.0,36.0,116,30.0,1007.0,16.0,0.0,110.0,11.2,PM10
TPHCM,Q4,87.0,94.0,49.0,11.0,10.0,42.0,34.0,94,29.0,1007.0,17.0,0.0,110.0,13.0,PM10
TPHCM,Tân Phú,61.0,82.0,20.0,5.0,20.0,26.0,34.0,82,27.7,1007.9,16.8,0.0,140.0,8.5,PM10
TPHCM,Q9,278.0,201.0,38.0,10.0,40.0,47.0,25.0,278,27.0,1008.0,18.0,0.0,140.0,14.8,PM2.5
TPHCM,Q3,70.0,100.0,46.0,7.0,15.0,28.0,45.0,100,25.0,1009.0,19.0,0.0,130.0,22.3,PM10
TPHCM,Q7,128.0,137.0,71.0,6.0,14.0,44.0,27.0,137,24.8,1010.5,19.6,0.0,140.0,6.8,PM10
TPHCM,Q7,108.0,116.0,72.0,23.0,17.0,73.0,34.0,116,24.0,1011.0,18.0,0.0,140.0,11.2,PM10
TPHCM,Q4,81.0,97.0,35.0,7.0,11.0,39.0,36.0,97,22.0,1010.0,19.0,0.0,80.0,7.6,PM10
TPHCM,Q4,110.0,91.0,29.0,5.0,9.0,27.0,51.0,110,22.0,1010.0,19.0,0.0,70.0,7.6,PM2.5
TPHCM,Phú Nhuận,106.0,116.0,39.0,13.0,9.0,105.0,17.0,116,22.0,1010.0,19.0,0.0,70.0,9.4,PM10
TPHCM,Tân Phú,90.0,96.0,51.0,11.0,11.0,42.0,26.0,96,22.4,1009.8,20.1,0.0,40.0,1.9,PM10
TPHCM,Q5,61.0,81.0,21.0,5.0,19.0,26.0,27.0,81,22.0,1010.0,19.0,0.0,60.0,11.2,PM10
TPHCM,Q3,272.0,197.0,38.0,10.0,40.0,48.0,21.0,272,22.0,1011.0,19.0,0.0,50.0,7.6,PM2.5
TPHCM,Q11,68.0,98.0,44.0,7.0,15.0,29.0,43.0,98,23.4,1011.4,20.0,0.0,269.0,6.2,PM10
TPHCM,Q2,122.0,135.0,71.0,6.0,14.0,50.0,23.0,135,25.0,1012.0,19.0,0.0,70.0,11.2,PM10
TPHCM,Q8,104.0,113.0,70.0,22.0,16.0,68.0,33.0,113,27.0,1012.0,18.0,0.0,90.0,13.0,PM10
TPHCM,Q6,80.0,95.0,35.0,6.0,11.0,43.0,30.0,95,29.0,1012.0,18.0,0.0,100.0,11.2,PM10
TPHCM,Q1,109.0,91.0,29.0,5.0,9.0,28.0,42.0,109,30.0,1011.0,18.0,0.0,130.0,14.8,PM2.5
TPHCM,Q7,102.0,114.0,38.0,13.0,8.0,111.0,11.0,114,31.1,1009.9,19.6,0.0,126.0,9.2,PM10
TPHCM,Q10,92.0,104.0,53.0,11.0,11.0,35.0,30.0,104,31.0,1009.0,21.0,0.0,120.0,14.8,PM10
TPHCM,Bình Tân,66.0,86.0,24.0,4.0,22.0,23.0,34.0,86,31.0,1008.0,21.0,0.0,130.0,16.6,PM10
TPHCM,Phú Nhuận,203.0,143.0,30.0,12.0,49.0,45.0,24.0,203,31.0,1007.3,21.4,0.0,142.0,11.8,PM2.5
TPHCM,Phú Nhuận,63.0,94.0,29.0,5.0,14.0,49.0,52.0,94,30.0,1007.0,22.0,0.0,130.0,20.5,PM10
TPHCM,Tân Bình,108.0,122.0,66.0,6.0,13.0,23.0,34.0,122,29.0,1007.0,23.0,0.0,130.0,24.1,PM10
TPHCM,Q5,77.0,94.0,58.0,16.0,19.0,39.0,60.0,94,27.7,1008.2,23.4,0.0,137.0,11.8,PM10
TPHCM,Q2,121.0,123.0,32.0,5.0,10.0,34.0,21.0,123,27.0,1009.0,23.0,0.0,140.0,16.6,PM10
TPHCM,Q8,144.0,104.0,28.0,5.0,8.0,35.0,30.0,144,26.0,1010.3,23.9,0.0,140.0,9.7,PM2.5
TPHCM,Q5,88.0,107.0,39.0,13.0,8.0,47.0,18.0,107,26.0,1010.0,23.0,0.0,120.0,13.0,PM10
TPHCM,Q11,93.0,105.0,52.0,11.0,11.0,32.0,38.0,105,26.0,1010.0,24.0,0.0,130.0,13.0,PM10
TPHCM,Tân Bình,66.0,87.0,24.0,4.0,23.0,22.0,39.0,87,25.7,1010.0,24.1,0.0,125.0,4.1,PM10
TPHCM,Q10,209.0,142.0,30.0,11.0,49.0,49.0,27.0,209,25.0,1010.0,24.0,0.0,110.0,9.4,PM2.5
TPHCM,Phú Nhuận,63.0,94.0,29.0,5.0,13.0,48.0,51.0,94,25.0,1010.0,24.0,0.0,100.0,9.4,PM10
TPHCM,Q6,107.0,121.0,65.0,6.0,13.0,22.0,37.0,121,25.4,1010.1,24.4,0.0,100.0,3.9,PM10
TPHCM,Q2,77.0,93.0,58.0,16.0,18.0,40.0,61.0,93,25.0,1010.0,24.0,0.0,100.0,11.2,PM10
TPHCM,Q4,123.0,127.0,32.0,5.0,10.0,33.0,28.0,127,26.4,1011.1,25.0,0.0,108.0,4.5,PM10
TPHCM,Bình Tân,149.0,107.0,28.0,5.0,7.0,35.0,38.0,149,27.0,1011.0,24.0,0.0,120.0,14.8,PM2.5
TPHCM,Q11,88.0,107.0,39.0,13.0,8.0,50.0,25.0,107,28.0,1012.0,24.0,0.1,110.0,13.0,PM10
TPHCM,Q7,25.0,30.0,7.0,14.0,18.0,19.0,38.0,38,28.8,1010.3,24.8,0.0,132.0,9.1,OZONE
TPHCM,Q6,29.0,28.0,5.0,12.0,14.0,15.0,38.0,38,28.0,1010.0,24.0,0.0,140.0,14.8,OZONE
TPHCM,Q8,30.0,27.0,5.0,12.0,16.0,16.0,38.0,38,26.0,1010.0,24.0,0.0,120.0,13.0,OZONE
TPHCM,Tân Phú,28.0,26.0,6.0,13.0,18.0,17.0,38.0,38,26.7,1010.9,25.0,0.0,123.0,10.1,OZONE
TPHCM,Bình Tân,28.0,26.0,6.0,13.0,18.0,17.0,38.0,38,32.0,1010.0,25.0,2.2,180.0,13.0,OZONE
TPHCM,Q9,39.0,32.0,6.0,12.0,24.0,15.0,38.0,39,26.0,1007.0,26.0,1.8,100.0,18.4,PM2.5
TPHCM,Q1,41.0,33.0,6.0,12.0,27.0,16.0,38.0,41,27.4,1010.9,25.9,0.0,150.0,11.4,PM2.5
TPHCM,Q10,53.0,60.0,25.0,5.0,6.0,22.0,33.0,60,26.0,1009.0,24.0,0.0,140.0,13.0,PM10
TPHCM,Q3,28.0,48.0,30.0,5.0,3.0,29.0,29.0,48,25.0,1008.0,24.0,0.0,100.0,9.4,PM10
TPHCM,Tân Bình,59.0,60.0,40.0,1.0,9.0,26.0,20.0,60,25.0,1009.0,24.0,0.0,70.0,7.6,PM10
TPHCM,Q5,76.0,65.0,46.0,3.0,1.0,26.0,28.0,76,26.0,1010.0,25.0,0.0,130.0,11.2,PM2.5
TPHCM,Tân Bình,100.0,86.0,27.0,5.0,19.0,18.0,42.0,100,27.0,1010.0,25.0,0.0,130.0,11.2,PM2.5
TPHCM,Q8,85.0,98.0,36.0,5.0,9.0,12.0,33.0,98,28.0,1010.0,26.0,0.0,130.0,14.8,PM10
TPHCM,Q3,102.0,104.0,33.0,4.0,31.0,24.0,43.0,104,29.0,1010.0,25.0,0.0,150.0,11.2,PM10
TPHCM,Q7,166.0,126.0,66.0,3.0,3.0,44.0,31.0,166,31.0,1008.0,25.0,0.0,180.0,9.4,PM2.5
TPHCM,Phú Nhuận,105.0,92.0,31.0,4.0,19.0,24.0,35.0,105,32.0,1007.0,25.0,0.0,170.0,13.0,PM2.5
TPHCM,Q11,95.0,95.0,40.0,5.0,11.0,60.0,32.0,95,32.0,1006.0,26.0,0.0,160.0,9.4,PM10
TPHCM,Q5,115.0,114.0,38.0,3.0,35.0,30.0,39.0,115,32.0,1005.0,25.0,0.0,160.0,9.4,PM2.5
TPHCM,Tân Bình,148.0,119.0,68.0,3.0,3.0,28.0,25.0,148,26.0,1007.0,25.0,0.0,100.0,25.9,PM2.5
TPHCM,Q1,104.0,94.0,34.0,4.0,19.0,24.0,39.0,104,27.0,1007.0,26.0,0.0,150.0,18.4,PM2.5
TPHCM,Q8,88.0,92.0,37.0,5.0,10.0,69.0,38.0,92,27.0,1008.0,26.0,0.0,80.0,9.4,PM10
TPHCM,Q8,112.0,110.0,37.0,3.0,34.0,29.0,47.0,112,27.0,1009.0,26.0,0.0,100.0,9.4,PM2.5
TPHCM,Q10,139.0,114.0,66.0,3.0,3.0,32.0,29.0,139,25.0,1009.0,24.0,0.0,70.0,5.4,PM2.5
TPHCM,Q3,92.0,91.0,37.0,4.0,14.0,31.0,30.0,92,25.0,1008.0,24.0,0.0,120.0,9.4,PM2.5
TPHCM,Q11,74.0,87.0,37.0,5.0,8.0,61.0,28.0,87,25.0,1008.0,24.0,0.3,120.0,13.0,PM10
TPHCM,Phú Nhuận,100.0,98.0,33.0,3.0,25.0,28.0,37.0,100,25.0,1008.0,24.0,0.0,90.0,9.4,PM2.5
TPHCM,Q9,139.0,110.0,66.0,3.0,3.0,49.0,25.0,139,25.0,1009.0,25.0,0.1,70.0,11.2,PM2.5
TPHCM,Q5,90.0,90.0,37.0,4.0,12.0,31.0,28.0,90,27.0,1009.0,26.0,0.0,90.0,11.2,PM10
TPHCM,Bình Tân,96.0,96.0,32.0,3.0,24.0,28.0,34.0,96,30.0,1010.0,26.0,0.0,140.0,11.2,PM10
TPHCM,Q6,137.0,109.0,67.0,3.0,2.0,51.0,23.0,137,33.0,1007.0,26.0,0.0,110.0,16.6,PM2.5
TPHCM,Q7,87.0,87.0,34.0,4.0,3.0,27.0,31.0,87,34.0,1006.0,27.0,0.3,130.0,14.8,PM10
TPHCM,Q3,71.0,81.0,38.0,1.0,5.0,23.0,23.0,81,31.0,1006.0,26.0,0.0,160.0,13.0,PM10
TPHCM,Q9,122.0,101.0,62.0,4.0,2.0,35.0,25.0,122,28.0,1008.0,26.0,0.1,190.0,11.2,PM2.5
TPHCM,Tân Bình,87.0,87.0,34.0,4.0,3.0,28.0,32.0,87,27.0,1009.0,25.0,0.0,150.0,9.4,PM10
TPHCM,Q5,70.0,79.0,38.0,1.0,5.0,23.0,25.0,79,27.0,1009.0,26.0,0.1,120.0,9.4,PM10
TPHCM,Tân Bình,123.0,102.0,62.0,4.0,2.0,38.0,26.0,123,26.0,1008.0,25.0,1.0,90.0,7.6,PM2.5
TPHCM,Q1,235.0,201.0,30.0,6.0,11.0,49.0,58.0,235,26.0,1008.0,24.0,0.0,130.0,11.2,PM2.5
TPHCM,Q9,247.0,151.0,76.0,22.0,55.0,60.0,103.0,247,26.0,1008.0,24.0,0.1,110.0,7.6,PM2.5
TPHCM,Q6,339.0,298.0,75.0,22.0,19.0,82.0,24.0,339,26.0,1008.0,24.0,0.0,140.0,13.0,PM2.5
TPHCM,Q5,324.0,285.0,80.0,13.0,6.0,82.0,12.0,324,27.0,1009.0,25.0,0.2,110.0,13.0,PM2.5
TPHCM,Q1,278.0,255.0,83.0,19.0,27.0,60.0,18.0,278,28.0,1009.0,25.0,0.1,90.0,9.4,PM2.5
TPHCM,Q7,300.0,314.0,117.0,18.0,12.0,36.0,9.0,314,29.0,1010.0,25.0,0.0,110.0,13.0,PM10
TPHCM,Q8,71.0,135.0,81.0,16.0,14.0,21.0,1.0,135,30.0,1010.0,25.0,0.0,130.0,13.0,PM10
TPHCM,Q9,202.0,164.0,48.0,14.0,14.0,66.0,19.0,202,30.8,1004.0,24.6,1.3,121.0,9.4,PM2.5
TPHCM,Phú Nhuận,159.0,128.0,66.0,12.0,11.0,42.0,5.0,159,26.8,1005.0,25.0,3.4,159.8,17.3,PM2.5
TPHCM,Q3,328.0,315.0,64.0,12.0,27.0,59.0,2.0,328,25.8,1006.0,25.0,12.5,156.6,18.4,PM2.5
TPHCM,Q5,330.0,289.0,95.0,18.0,22.0,69.0,27.0,330,25.3,1008.0,24.6,1.0,118.7,13.7,PM2.5
TPHCM,Tân Phú,291.0,232.0,88.0,16.0,16.0,109.0,7.0,291,25.3,1008.0,24.4,0.0,112.6,11.5,PM2.5
TPHCM,Q3,331.0,221.0,30.0,5.0,10.0,61.0,93.0,331,26.1,1012.0,23.1,0.0,90.0,5.4,PM2.5
TPHCM,Q6,328.0,195.0,88.0,15.0,30.0,50.0,206.0,328,26.1,1011.0,23.1,0.0,130.0,5.4,PM2.5
TPHCM,Q11,345.0,243.0,106.0,17.0,24.0,49.0,45.0,345,25.6,1011.3,23.3,0.0,153.0,4.8,PM2.5
TPHCM,Q5,371.0,237.0,81.0,17.0,14.0,50.0,52.0,371,26.1,1013.0,24.1,0.0,10.2,1.8,PM2.5
TPHCM,Q3,357.0,265.0,98.0,13.0,11.0,64.0,45.0,357,25.8,1013.4,24.0,0.0,80.0,2.4,PM2.5
TPHCM,Q1,349.0,280.0,86.0,15.0,13.0,47.0,50.0,349,26.1,1015.0,24.1,0.0,10.0,3.6,PM2.5
TPHCM,Tân Bình,321.0,264.0,79.0,18.0,8.0,50.0,21.0,321,24.1,1015.0,22.1,0.0,350.0,24.1,PM2.5
TPHCM,Q10,108.0,191.0,103.0,14.0,10.0,20.0,1.0,191,22.7,1015.1,21.9,0.0,20.0,12.2,PM10
TPHCM,Q1,254.0,193.0,53.0,16.0,14.0,44.0,26.0,254,29.0,1010.4,22.4,0.0,306.0,7.4,PM2.5
TPHCM,Q2,241.0,223.0,41.0,14.0,19.0,39.0,64.0,241,31.1,1010.0,23.1,0.0,290.0,9.4,PM2.5
TPHCM,Q1,332.0,199.0,92.0,12.0,30.0,24.0,39.0,332,28.1,1011.0,22.1,0.0,230.0,7.6,PM2.5
TPHCM,Q10,308.0,213.0,64.0,10.0,21.0,63.0,2.0,308,27.1,1013.0,24.1,0.0,140.0,9.4,PM2.5
TPHCM,Q3,318.0,200.0,86.0,14.0,15.0,61.0,17.0,318,26.1,1013.0,24.1,0.0,200.0,5.4,PM2.5
TPHCM,Q1,336.0,204.0,26.0,5.0,12.0,80.0,14.0,336,25.1,1011.0,23.1,0.0,210.0,1.8,PM2.5
TPHCM,Q3,323.0,187.0,85.0,14.0,29.0,48.0,50.0,323,25.1,1011.0,23.1,0.0,220.0,3.6,PM2.5
TPHCM,Q11,330.0,247.0,105.0,17.0,29.0,68.0,29.0,330,24.0,1011.0,22.9,0.0,260.0,4.8,PM2.5
TPHCM,Q5,351.0,248.0,62.0,19.0,12.0,66.0,29.0,351,24.1,1011.0,23.1,0.0,358.1,3.6,PM2.5
TPHCM,Q3,355.0,218.0,86.0,16.0,27.0,76.0,86.0,355,24.1,1011.0,23.1,0.0,230.0,1.8,PM2.5
TPHCM,Q10,353.0,259.0,89.0,12.0,17.0,97.0,116.0,353,26.1,1012.1,22.8,0.0,360.0,1.2,PM2.5
TPHCM,Bình Thạnh,326.0,234.0,84.0,15.0,17.0,81.0,15.0,326,28.1,1012.0,23.1,0.0,79.8,3.6,PM2.5
TPHCM,Q4,321.0,264.0,72.0,17.0,7.0,84.0,9.0,321,29.1,1012.0,23.1,0.0,160.0,5.4,PM2.5
TPHCM,Q8,149.0,192.0,98.0,15.0,11.0,25.0,2.0,192,30.2,1012.2,22.9,0.0,179.0,5.0,PM10
TPHCM,Q9,244.0,186.0,53.0,17.0,15.0,69.0,6.0,244,30.2,1008.2,23.4,0.0,160.0,17.0,PM2.5
TPHCM,Q9,232.0,225.0,46.0,15.0,21.0,50.0,18.0,232,29.1,1008.0,23.1,0.0,170.0,14.8,PM2.5
TPHCM,Q3,357.0,186.0,101.0,13.0,28.0,35.0,13.0,357,28.1,1008.0,23.1,0.0,160.0,16.6,PM2.5
TPHCM,Phú Nhuận,314.0,221.0,66.0,10.0,17.0,95.0,2.0,314,27.1,1008.0,24.1,0.0,170.0,9.4,PM2.5
TPHCM,Q11,361.0,245.0,105.0,15.0,16.0,74.0,15.0,361,25.9,1009.3,24.1,0.0,153.0,8.6,PM2.5
TPHCM,Q9,325.0,212.0,94.0,12.0,15.0,105.0,19.0,325,26.1,1009.0,24.1,0.0,140.0,7.6,PM2.5
TPHCM,Q4,343.0,202.0,27.0,5.0,12.0,81.0,24.0,343,26.1,1008.0,24.1,0.0,170.0,3.6,PM2.5
TPHCM,Q3,327.0,188.0,83.0,15.0,29.0,58.0,74.0,327,26.1,1008.0,24.1,0.0,150.0,7.6,PM2.5
TPHCM,Q2,343.0,245.0,105.0,17.0,28.0,61.0,25.0,343,25.7,1008.1,24.7,0.0,160.0,2.4,PM2.5
TPHCM,Q4,363.0,250.0,64.0,19.0,12.0,66.0,30.0,363,26.1,1008.0,24.1,0.0,160.0,5.4,PM2.5
TPHCM,Q11,361.0,217.0,86.0,17.0,27.0,75.0,29.0,361,26.1,1008.0,24.1,0.0,160.0,9.4,PM2.5
TPHCM,Bình Thạnh,358.0,257.0,89.0,12.0,17.0,83.0,101.0,358,26.5,1009.2,24.2,0.0,160.0,7.4,PM2.5
TPHCM,Q3,336.0,238.0,88.0,15.0,19.0,68.0,21.0,336,28.1,1009.0,24.1,0.0,170.0,13.0,PM2.5
TPHCM,Q6,329.0,269.0,74.0,17.0,7.0,75.0,10.0,329,28.1,1010.0,24.1,0.0,170.0,11.2,PM2.5
TPHCM,Phú Nhuận,157.0,199.0,98.0,16.0,11.0,22.0,1.0,199,29.7,1010.1,24.2,0.0,180.0,12.2,PM10
TPHCM,Bình Thạnh,252.0,186.0,55.0,18.0,15.0,85.0,6.0,252,28.9,1006.2,25.0,0.0,160.0,17.0,PM2.5
TPHCM,Q9,249.0,228.0,47.0,15.0,21.0,54.0,21.0,249,29.1,1006.0,24.1,0.0,170.0,16.6,PM2.5
TPHCM,Phú Nhuận,354.0,184.0,103.0,13.0,24.0,32.0,13.0,354,28.1,1006.0,25.1,0.0,160.0,16.6,PM2.5
TPHCM,Q4,323.0,225.0,68.0,10.0,17.0,81.0,2.0,323,26.1,1008.0,24.7,0.1,154.1,4.7,PM2.5
TPHCM,Q3,369.0,247.0,106.0,15.0,17.0,62.0,46.0,369,26.2,1009.0,24.7,0.0,128.5,2.5,PM2.5
TPHCM,Tân Bình,335.0,214.0,96.0,12.0,15.0,104.0,21.0,335,27.4,1009.0,24.7,0.2,113.0,4.3,PM2.5
TPHCM,Q5,306.0,178.0,26.0,5.0,11.0,68.0,36.0,306,29.1,1010.0,24.3,0.4,171.9,14.0,PM2.5
TPHCM,Q6,326.0,187.0,75.0,15.0,30.0,32.0,64.0,326,29.7,1009.0,24.2,0.3,171.0,15.1,PM2.5
TPHCM,Q9,323.0,210.0,97.0,17.0,27.0,56.0,15.0,323,28.8,1009.0,24.5,0.3,168.0,15.1,PM2.5
TPHCM,Q2,345.0,225.0,62.0,18.0,11.0,56.0,23.0,345,29.8,1008.0,24.5,0.3,158.8,17.3,PM2.5
TPHCM,Bình Thạnh,340.0,189.0,78.0,17.0,24.0,71.0,7.0,340,30.3,1007.0,24.6,0.1,152.0,19.8,PM2.5
TPHCM,Q10,342.0,230.0,85.0,12.0,18.0,61.0,27.0,342,29.4,1007.0,25.0,0.1,146.9,19.8,PM2.5
TPHCM,Phú Nhuận,336.0,231.0,89.0,16.0,21.0,59.0,12.0,336,29.3,1006.0,25.1,0.0,142.9,20.9,PM2.5
TPHCM,Q5,319.0,256.0,76.0,17.0,7.0,53.0,6.0,319,28.6,1006.0,25.3,0.0,131.5,18.4,PM2.5
TPHCM,Q6,152.0,189.0,96.0,17.0,11.0,25.0,1.0,189,27.5,1007.0,25.6,0.0,120.6,14.4,PM10
TPHCM,Bình Thạnh,215.0,164.0,55.0,17.0,13.0,81.0,5.0,215,28.0,1004.2,26.1,0.0,160.0,11.0,PM2.5
TPHCM,Tân Phú,216.0,202.0,40.0,15.0,19.0,45.0,24.0,216,28.1,1004.0,26.1,0.0,140.0,13.0,PM2.5
TPHCM,Q1,288.0,153.0,93.0,13.0,18.0,25.0,15.0,288,28.1,1003.0,26.1,0.0,150.0,14.8,PM2.5
TPHCM,Q2,316.0,218.0,65.0,10.0,16.0,68.0,2.0,316,28.1,1005.0,26.1,0.0,160.0,14.8,PM2.5
TPHCM,Bình Thạnh,355.0,228.0,99.0,15.0,19.0,35.0,55.0,355,27.6,1006.3,26.1,0.0,173.0,13.4,PM2.5
TPHCM,Q6,321.0,200.0,90.0,12.0,14.0,93.0,12.0,321,28.1,1006.0,26.1,0.0,180.0,14.8,PM2.5
TPHCM,Q11,298.0,174.0,26.0,5.0,11.0,67.0,36.0,298,27.1,1005.0,26.1,0.0,173.6,3.6,PM2.5
TPHCM,Bình Thạnh,319.0,183.0,72.0,15.0,31.0,26.0,59.0,319,27.1,1005.0,25.1,0.0,110.0,9.4,PM2.5
TPHCM,Q1,317.0,203.0,96.0,16.0,26.0,57.0,13.0,317,27.4,1005.1,25.9,0.0,120.0,9.8,PM2.5
TPHCM,Q6,340.0,222.0,63.0,18.0,11.0,55.0,19.0,340,27.1,1005.0,26.1,0.0,140.0,14.8,PM2.5
TPHCM,Tân Phú,337.0,185.0,76.0,17.0,24.0,70.0,7.0,337,28.1,1006.0,26.1,0.0,130.0,9.4,PM2.5
TPHCM,Bình Tân,337.0,224.0,85.0,12.0,18.0,62.0,26.0,337,27.7,1006.3,26.0,0.0,140.0,11.0,PM2.5
TPHCM,Phú Nhuận,333.0,225.0,89.0,16.0,21.0,59.0,10.0,333,29.1,1006.0,26.1,0.0,160.0,13.0,PM2.5
TPHCM,Bình Tân,314.0,251.0,77.0,17.0,7.0,50.0,5.0,314,29.1,1007.0,26.1,0.0,170.0,16.6,PM2.5
TPHCM,Bình Thạnh,150.0,187.0,95.0,17.0,11.0,24.0,1.0,187,30.6,1007.0,26.1,0.0,173.0,15.8,PM10
TPHCM,Q11,208.0,162.0,55.0,17.0,13.0,83.0,5.0,208,31.1,1003.0,25.6,0.0,153.0,14.6,PM2.5
TPHCM,Bình Thạnh,210.0,196.0,39.0,15.0,18.0,44.0,23.0,210,30.1,1002.0,26.1,0.0,150.0,18.4,PM2.5
TPHCM,Bình Tân,276.0,148.0,91.0,12.0,17.0,24.0,15.0,276,29.1,1003.0,26.1,0.0,130.0,16.6,PM2.5
TPHCM,Q7,312.0,215.0,64.0,10.0,16.0,67.0,2.0,312,28.1,1004.0,26.1,0.0,130.0,16.6,PM2.5
TPHCM,Q5,350.0,222.0,97.0,15.0,19.0,35.0,51.0,350,26.0,1008.0,24.8,0.1,163.5,7.9,PM2.5
TPHCM,Tân Bình,314.0,194.0,87.0,12.0,14.0,89.0,9.0,314,26.0,1008.0,24.8,0.0,154.7,7.6,PM2.5
TPHCM,Tân Bình,203.0,113.0,19.0,5.0,7.0,65.0,23.0,203,26.6,1009.0,25.0,0.9,168.1,9.4,PM2.5
TPHCM,Bình Tân,264.0,140.0,45.0,15.0,28.0,71.0,36.0,264,26.7,1010.0,25.0,0.0,159.1,9.7,PM2.5
TPHCM,Q1,284.0,147.0,75.0,14.0,17.0,59.0,13.0,284,27.3,1010.0,25.1,0.3,151.8,10.1,PM2.5
TPHCM,Q3,290.0,152.0,49.0,15.0,10.0,54.0,9.0,290,27.2,1010.0,25.0,0.0,150.0,10.4,PM2.5
TPHCM,Q10,307.0,136.0,51.0,17.0,10.0,47.0,5.0,307,27.4,1010.0,25.0,0.1,157.7,10.4,PM2.5
TPHCM,Q11,294.0,153.0,70.0,11.0,16.0,63.0,19.0,294,28.4,1006.4,25.9,0.005,133.0,9.8,PM2.5
TPHCM,Q6,262.0,145.0,75.0,18.0,20.0,66.0,7.0,262,29.1,1008.0,26.1,0.0,140.0,14.8,PM2.5
TPHCM,Q10,273.0,185.0,71.0,16.0,9.0,50.0,5.0,273,30.1,1008.0,25.1,0.0,120.0,13.0,PM2.5
TPHCM,Q6,95.0,136.0,81.0,19.0,10.0,25.0,1.0,136,30.1,1008.1,24.8,0.0,133.0,11.0,PM10
TPHCM,Q1,125.0,119.0,40.0,13.0,13.0,36.0,10.0,125,29.4,1003.9,26.1,0.0,133.0,13.4,PM2.5
TPHCM,Bình Tân,128.0,131.0,22.0,12.0,15.0,35.0,15.0,131,29.1,1003.0,26.1,0.0,120.0,18.4,PM10
TPHCM,Q8,137.0,108.0,66.0,10.0,14.0,20.0,17.0,137,26.6,1008.0,25.2,0.4,154.7,9.7,PM2.5
TPHCM,Tân Bình,240.0,140.0,48.0,8.0,18.0,53.0,3.0,240,28.1,1005.0,26.1,0.0,130.0,16.6,PM2.5
TPHCM,Phú Nhuận,297.0,150.0,69.0,13.0,24.0,28.0,13.0,297,27.7,1006.2,26.0,0.0,140.0,12.2,PM2.5
TPHCM,Q8,270.0,139.0,57.0,12.0,14.0,91.0,5.0,270,28.1,1006.0,26.1,0.0,140.0,13.0,PM2.5
TPHCM,Q7,197.0,108.0,19.0,5.0,6.0,65.0,28.0,197,28.1,1005.0,26.1,0.5,130.0,11.2,PM2.5
TPHCM,Q11,266.0,140.0,44.0,15.0,27.0,59.0,43.0,266,28.1,1005.0,26.1,0.6,140.0,11.2,PM2.5
TPHCM,Tân Phú,286.0,148.0,76.0,14.0,16.0,61.0,13.0,286,27.7,1004.3,26.1,0.0,153.0,9.8,PM2.5
TPHCM,Tân Phú,291.0,152.0,50.0,15.0,10.0,55.0,12.0,291,28.1,1004.0,26.1,0.6,150.0,11.2,PM2.5
TPHCM,Tân Bình,308.0,137.0,52.0,17.0,11.0,50.0,6.0,308,28.1,1005.0,26.1,0.0,130.0,11.2,PM2.5
TPHCM,Bình Thạnh,295.0,153.0,70.0,11.0,16.0,65.0,19.0,295,28.4,1005.3,26.2,0.0,140.0,12.2,PM2.5
TPHCM,Phú Nhuận,263.0,143.0,74.0,18.0,19.0,67.0,10.0,263,29.1,1006.0,26.1,0.0,140.0,20.5,PM2.5
TPHCM,Tân Phú,277.0,184.0,71.0,16.0,10.0,47.0,5.0,277,30.1,1006.0,26.1,0.0,140.0,16.6,PM2.5
TPHCM,Q8,86.0,134.0,82.0,19.0,10.0,25.0,1.0,134,29.7,1006.0,25.9,0.0,153.0,15.8,PM10
TPHCM,Q11,119.0,116.0,39.0,13.0,13.0,36.0,11.0,119,29.5,1001.3,26.3,0.0,140.0,17.2,PM2.5
TPHCM,Q6,121.0,128.0,21.0,12.0,14.0,34.0,16.0,128,29.1,1001.0,26.1,0.0,130.0,20.5,PM10
TPHCM,Tân Bình,124.0,105.0,64.0,10.0,14.0,26.0,17.0,124,29.1,1002.0,26.1,0.0,130.0,18.4,PM2.5
TPHCM,Q10,240.0,139.0,48.0,8.0,18.0,52.0,3.0,240,28.1,1003.0,26.1,0.0,120.0,16.6,PM2.5
TPHCM,Q10,300.0,151.0,70.0,13.0,24.0,33.0,14.0,300,27.8,1004.2,26.2,0.0,120.0,11.0,PM2.5
TPHCM,Q10,273.0,140.0,58.0,13.0,14.0,95.0,5.0,273,29.1,1004.0,26.1,0.0,130.0,14.8,PM2.5
TPHCM,Bình Thạnh,95.0,80.0,42.0,11.0,19.0,26.0,24.0,95,26.1,1010.6,25.7,0.012,140.0,7.1,PM2.5
TPHCM,Q9,137.0,105.0,54.0,8.0,20.0,23.0,23.0,137,29.1,1003.0,26.1,0.0,140.0,14.8,PM2.5
TPHCM,Q10,184.0,138.0,57.0,8.0,35.0,33.0,20.0,184,26.8,1010.2,25.2,1.969,134.0,15.8,PM2.5
TPHCM,Bình Thạnh,126.0,92.0,70.0,7.0,8.0,26.0,6.0,126,27.8,1003.1,26.2,0.0,153.0,14.6,PM2.5
TPHCM,Bình Tân,128.0,91.0,31.0,9.0,7.0,31.0,15.0,128,28.1,1003.0,26.1,0.0,140.0,14.8,PM2.5
TPHCM,Q8,98.0,102.0,32.0,8.0,51.0,22.0,6.0,102,29.1,1004.0,26.1,0.0,150.0,14.8,PM10
TPHCM,Tân Phú,158.0,113.0,66.0,6.0,8.0,34.0,11.0,158,28.7,1004.1,26.3,0.0,160.0,17.0,PM2.5
TPHCM,Bình Tân,106.0,85.0,46.0,8.0,8.0,23.0,6.0,106,30.1,1004.0,27.1,0.0,160.0,18.4,PM2.5
TPHCM,Q6,133.0,134.0,59.0,14.0,20.0,23.0,21.0,134,30.1,1005.0,26.1,0.0,180.0,22.3,PM10
TPHCM,Q6,103.0,77.0,60.0,3.0,9.0,23.0,14.0,103,31.1,1005.1,26.4,0.0,173.0,18.4,PM2.5
TPHCM,Tân Bình,117.0,104.0,55.0,12.0,6.0,37.0,24.0,117,32.1,1004.0,26.1,0.0,170.0,24.1,PM2.5
TPHCM,Tân Bình,97.0,86.0,36.0,8.0,13.0,17.0,49.0,97,31.4,1003.0,27.2,0.0,167.0,19.6,PM2.5
TPHCM,Q9,211.0,182.0,64.0,9.0,26.0,23.0,20.0,211,26.7,1009.1,25.2,5.906,127.0,11.0,PM2.5
TPHCM,Bình Tân,345.0,258.0,82.0,6.0,51.0,30.0,20.0,345,32.1,1001.0,26.1,0.0,160.0,20.5,PM2.5
TPHCM,Q8,225.0,127.0,49.0,6.0,6.0,20.0,16.0,225,31.0,1001.1,26.4,0.0,147.0,14.6,PM2.5
TPHCM,Phú Nhuận,189.0,113.0,28.0,9.0,4.0,31.0,22.0,189,30.1,1001.0,27.1,0.0,150.0,18.4,PM2.5
TPHCM,Q4,180.0,137.0,43.0,12.0,40.0,23.0,19.0,180,30.1,1001.0,27.1,0.0,150.0,20.5,PM2.5
TPHCM,Q5,192.0,155.0,57.0,5.0,7.0,32.0,32.0,192,28.8,1002.3,27.0,0.0,160.0,14.6,PM2.5
TPHCM,Q8,148.0,117.0,39.0,6.0,10.0,36.0,5.0,148,29.1,1003.0,27.1,0.0,160.0,14.8,PM2.5
TPHCM,Q10,254.0,241.0,75.0,16.0,24.0,26.0,18.0,254,29.1,1003.0,27.1,0.0,170.0,14.8,PM2.5
TPHCM,Q3,127.0,128.0,93.0,3.0,13.0,23.0,18.0,128,28.7,1003.3,26.9,0.0,160.0,9.8,PM10
TPHCM,Q9,192.0,164.0,24.0,8.0,6.0,103.0,24.0,192,27.1,1011.0,25.1,0.1,140.0,9.4,PM2.5
TPHCM,Q3,172.0,117.0,54.0,7.0,5.0,24.0,30.0,172,29.1,1003.0,27.1,0.0,180.0,14.8,PM2.5
TPHCM,Bình Thạnh,124.0,107.0,58.0,9.0,13.0,38.0,47.0,124,28.5,1002.9,26.1,0.0,160.0,12.2,PM2.5
TPHCM,Bình Thạnh,228.0,179.0,68.0,10.0,21.0,15.0,48.0,228,28.1,1002.0,26.1,0.0,150.0,11.2,PM2.5
TPHCM,Phú Nhuận,358.0,312.0,80.0,5.0,31.0,35.0,39.0,358,27.8,1002.3,26.2,0.0,107.0,9.8,PM2.5
TPHCM,Q3,208.0,121.0,59.0,5.0,7.0,20.0,40.0,208,28.1,1003.0,26.1,0.0,110.0,9.4,PM2.5
TPHCM,Tân Bình,177.0,115.0,38.0,11.0,40.0,25.0,56.0,177,28.8,1005.1,26.9,0.0,133.0,11.0,PM2.5
TPHCM,Q8,241.0,174.0,58.0,5.0,9.0,45.0,49.0,241,29.1,1006.0,26.1,0.0,120.0,11.2,PM2.5
TPHCM,Tân Phú,213.0,139.0,45.0,7.0,11.0,57.0,6.0,213,30.1,1006.0,26.1,0.0,120.0,13.0,PM2.5
TPHCM,Q4,227.0,206.0,71.0,15.0,17.0,23.0,43.0,227,30.8,1007.0,26.3,0.0,132.0,13.4,PM2.5
TPHCM,Q6,179.0,143.0,109.0,3.0,14.0,24.0,35.0,179,32.1,1006.0,26.1,0.0,120.0,14.8,PM2.5
TPHCM,Tân Bình,226.0,160.0,25.0,9.0,8.0,118.0,57.0,226,33.1,1005.0,26.1,0.0,130.0,16.6,PM2.5
TPHCM,Q4,214.0,168.0,57.0,7.0,5.0,22.0,22.0,214,33.0,1005.2,26.8,0.0,133.0,13.4,PM2.5
TPHCM,Q3,128.0,110.0,57.0,9.0,14.0,30.0,62.0,128,30.1,1011.0,25.1,0.4,120.0,16.6,PM2.5
TPHCM,Q6,229.0,179.0,68.0,10.0,21.0,12.0,67.0,229,30.3,1004.1,26.3,0.0,139.0,18.4,PM2.5
TPHCM,Bình Thạnh,346.0,317.0,80.0,5.0,32.0,20.0,52.0,346,29.1,1004.0,25.1,0.1,80.0,25.9,PM2.5
TPHCM,Q3,207.0,119.0,60.0,5.0,7.0,10.0,58.0,207,28.1,1004.0,24.1,0.2,90.0,14.8,PM2.5
TPHCM,Bình Tân,170.0,114.0,38.0,11.0,40.0,14.0,67.0,170,29.1,1006.0,23.1,0.0,100.0,13.0,PM2.5
TPHCM,Q10,239.0,174.0,60.0,4.0,9.0,27.0,64.0,239,29.1,1007.0,22.1,0.0,90.0,14.8,PM2.5
TPHCM,Q5,221.0,144.0,46.0,7.0,11.0,38.0,7.0,221,28.4,1008.3,22.1,0.0,103.0,12.2,PM2.5
TPHCM,Q10,232.0,210.0,71.0,14.0,16.0,20.0,61.0,232,28.1,1008.0,23.1,0.9,90.0,20.5,PM2.5
TPHCM,Q4,177.0,142.0,107.0,3.0,14.0,19.0,50.0,177,28.1,1008.0,23.1,0.0,90.0,20.5,PM2.5
TPHCM,Q6,222.0,159.0,27.0,9.0,9.0,117.0,78.0,222,27.6,1008.1,23.1,0.0,54.0,12.2,PM2.5
TPHCM,Q2,222.0,172.0,58.0,8.0,5.0,29.0,31.0,222,28.1,1007.0,22.1,0.0,70.0,16.6,PM2.5
TPHCM,Q1,148.0,119.0,57.0,9.0,15.0,42.0,40.0,148,28.1,1007.0,22.1,0.0,60.0,13.0,PM2.5
TPHCM,Q1,222.0,176.0,74.0,9.0,22.0,39.0,36.0,222,27.1,1007.0,22.1,0.0,57.5,3.6,PM2.5
TPHCM,Q2,334.0,329.0,82.0,6.0,31.0,51.0,34.0,334,27.1,1007.0,22.1,0.0,50.0,9.4,PM2.5
TPHCM,Bình Tân,224.0,126.0,70.0,5.0,8.0,36.0,29.0,224,27.6,1007.5,22.3,0.005,63.0,9.8,PM2.5
TPHCM,Q1,156.0,112.0,43.0,10.0,40.0,31.0,36.0,156,29.1,1009.0,22.1,0.0,110.0,11.2,PM2.5
TPHCM,Q8,245.0,177.0,71.0,4.0,10.0,49.0,36.0,245,28.9,1009.1,24.1,0.0,143.0,4.8,PM2.5
TPHCM,Q9,207.0,149.0,54.0,7.0,11.0,59.0,7.0,207,30.1,1009.0,23.1,0.0,100.0,9.4,PM2.5
TPHCM,Q4,240.0,208.0,78.0,13.0,16.0,37.0,37.0,240,30.1,1009.0,24.1,0.0,160.0,11.2,PM2.5
TPHCM,Q3,177.0,141.0,91.0,3.0,15.0,62.0,25.0,177,29.1,1012.0,24.1,0.7,140.0,11.2,PM2.5
TPHCM,Q5,230.0,162.0,42.0,8.0,9.0,119.0,36.0,230,31.1,1007.0,24.1,0.0,70.0,9.4,PM2.5
TPHCM,Q2,233.0,198.0,61.0,8.0,6.0,74.0,23.0,233,30.1,1005.0,24.1,0.0,80.0,11.2,PM2.5
TPHCM,Q6,153.0,120.0,55.0,9.0,15.0,43.0,33.0,153,29.1,1005.3,25.2,0.0,116.0,9.8,PM2.5
TPHCM,Tân Phú,217.0,175.0,75.0,9.0,22.0,41.0,31.0,217,29.1,1006.0,24.1,0.0,70.0,11.2,PM2.5
TPHCM,Q1,330.0,325.0,81.0,6.0,30.0,54.0,30.0,330,27.8,1008.0,24.2,0.0,63.0,11.0,PM2.5
TPHCM,Q4,225.0,129.0,72.0,5.0,8.0,41.0,21.0,225,28.1,1009.0,24.1,0.0,80.0,14.8,PM2.5
TPHCM,Q1,152.0,111.0,43.0,9.0,40.0,33.0,27.0,152,24.6,1010.2,22.3,0.0,33.0,13.4,PM2.5
TPHCM,Bình Thạnh,244.0,175.0,72.0,4.0,10.0,51.0,27.0,244,23.1,1010.0,22.1,0.0,40.0,14.8,PM2.5
TPHCM,Q4,205.0,148.0,55.0,7.0,10.0,67.0,6.0,205,23.1,1010.0,22.1,0.0,10.0,16.6,PM2.5
TPHCM,Phú Nhuận,239.0,201.0,79.0,13.0,16.0,38.0,32.0,239,21.9,1009.3,21.8,21.122,30.0,11.0,PM2.5
TPHCM,Q5,176.0,141.0,86.0,3.0,14.0,67.0,17.0,176,22.1,1009.0,21.1,0.0,20.0,7.6,PM2.5
TPHCM,Q8,229.0,161.0,45.0,8.0,9.0,113.0,25.0,229,22.1,1010.0,21.1,0.0,10.0,9.4,PM2.5
TPHCM,Q11,240.0,203.0,62.0,8.0,6.0,74.0,19.0,240,22.6,1010.3,21.8,0.0,333.0,8.6,PM2.5
TPHCM,Q7,224.0,150.0,53.0,10.0,16.0,54.0,45.0,224,22.1,1010.0,21.1,0.0,350.0,14.8,PM2.5
TPHCM,Bình Tân,310.0,324.0,67.0,7.0,34.0,45.0,38.0,324,20.7,1012.2,19.9,11.922,347.0,6.0,PM10
TPHCM,Q9,228.0,139.0,69.0,5.0,9.0,27.0,34.0,228,22.1,1013.0,19.1,0.0,30.0,9.4,PM2.5
TPHCM,Q2,203.0,144.0,41.0,8.0,9.0,40.0,46.0,203,22.1,1013.0,18.1,0.0,30.0,11.2,PM2.5
TPHCM,Q4,138.0,118.0,40.0,7.0,42.0,28.0,37.0,138,22.7,1013.0,18.4,0.0,353.0,12.2,PM2.5
TPHCM,Q7,240.0,164.0,66.0,5.0,11.0,43.0,44.0,240,24.1,1012.0,17.1,0.0,10.0,11.2,PM2.5
TPHCM,Q5,162.0,141.0,58.0,7.0,10.0,39.0,7.0,162,25.1,1012.0,17.1,0.0,60.0,11.2,PM2.5
TPHCM,Q2,272.0,211.0,78.0,10.0,22.0,31.0,47.0,272,24.9,1012.1,17.3,0.078,43.0,9.8,PM2.5
TPHCM,Q11,159.0,135.0,43.0,4.0,16.0,33.0,38.0,159,28.1,1011.0,17.1,0.0,70.0,7.6,PM2.5
TPHCM,Q9,208.0,150.0,54.0,5.0,10.0,95.0,54.0,208,27.1,1011.0,17.1,0.0,359.2,3.6,PM2.5
TPHCM,Q1,204.0,169.0,59.0,8.0,6.0,28.0,30.0,204,26.5,1010.1,17.5,0.0,317.0,4.8,PM2.5
TPHCM,Bình Tân,230.0,152.0,53.0,10.0,15.0,55.0,53.0,230,27.1,1009.0,17.1,0.0,30.0,7.6,PM2.5
TPHCM,Q10,316.0,329.0,66.0,7.0,35.0,47.0,44.0,329,23.7,1010.0,16.1,0.0,20.0,8.6,PM10
TPHCM,Q11,234.0,141.0,70.0,5.0,10.0,28.0,42.0,234,28.1,1011.0,23.1,0.2,110.0,9.4,PM2.5
TPHCM,Bình Thạnh,202.0,144.0,41.0,8.0,9.0,42.0,54.0,202,23.1,1011.0,16.1,0.0,360.0,5.4,PM2.5
TPHCM,Q2,146.0,122.0,40.0,7.0,41.0,29.0,49.0,146,22.8,1012.2,17.1,0.0,27.0,7.4,PM2.5
TPHCM,Q6,247.0,167.0,67.0,5.0,12.0,43.0,55.0,247,23.1,1012.0,16.1,0.0,50.0,7.6,PM2.5
TPHCM,Q9,163.0,142.0,57.0,7.0,10.0,39.0,8.0,163,22.1,1012.0,16.1,0.0,20.0,5.4,PM2.5
TPHCM,Bình Tân,279.0,215.0,78.0,11.0,23.0,31.0,53.0,279,26.1,1010.0,23.1,0.1,120.0,11.2,PM2.5
TPHCM,Q1,162.0,136.0,43.0,4.0,16.0,34.0,44.0,162,21.1,1011.0,17.1,0.0,340.0,5.4,PM2.5
TPHCM,Q4,213.0,152.0,55.0,5.0,11.0,95.0,64.0,213,22.1,1010.0,17.1,0.0,348.6,3.6,PM2.5
